数据源,title,content
网站,五招预防新型冠状病毒感染,从1月20日凌晨起，北京、广东、武汉等地接连发布新型冠状病毒肺炎情况。截至21日下午，武汉市确诊198例，北京市确诊5例，广东省确诊14例，上海市确诊2例。此外，浙江、云南、四川、贵州、香港等地均出现了疑似病例。目前针对新型冠状病毒的传染源及传播途径的研究仍在加紧进行中，但专家已明确表示，该病毒感染的肺炎肯定存在人传人的现象。  冬春季本就是呼吸道传染病高发季节，也是病毒性肺炎的高发时期，又恰逢春节，走亲访友聚会频繁，公众对于新型冠状病毒不要放松警惕，做好自我防控尤其重要。  （1）冠状病毒容易变异   2019年12月以来，武汉市部分医院陆续发现不明原因肺炎病例，对病例呼吸道标本病毒全基因组序列分析结果显示，这是一种新型冠状病毒。  冠状病毒是自然界广泛存在的一类病毒，该病毒形态因其表面凸起类似于王冠而得名。截至目前，人们发现冠状病毒仅感染脊椎动物，可引起人和动物呼吸道、消化道和神经系统疾病。它其实是一个大型病毒家族，严重程度从感冒到重症疾病不等。  病毒分为DNA病毒和RNA病毒，冠状病毒属于后者。RNA病毒最大的特点是，非常容易变异。这就不难理解，前有严重急性呼吸综合征（SARS非典）和中东呼吸综合征（MERS）这样因冠状病毒导致的疾病，现在武汉又出现了被世卫组织命名为“2019-nCoV”（2019新型冠状病毒）的变异病毒。在此之前，已知感染人的冠状病毒有6种，除了我们熟知的SARS冠状病毒和MERS冠状病毒外，其余4种在人群中较为常见，致病性较低，一般仅引起类似普通感冒的轻微呼吸道症状。随着全球监测工作的改善，可能会发现更多冠状病毒。  顾名思义，新型冠状病毒就是指以前从未在人类中发现的冠状病毒新毒株。此次，中国出现的新型冠状病毒病例主要集中在武汉市，其他国家和地区报告的病例在发病前均有武汉市旅行史或居住史。  （2）感染后常见发热等呼吸道症状   本次新型冠状病毒感染患者在临床表现上有什么特点？根据临床情况来看，一般症状为发热、乏力、干咳、逐渐出现呼吸困难，部分患者起病症状轻微，可无发热。严重者可出现急性呼吸窘迫综合征、脓毒症休克、难以纠正的代谢性酸中毒、凝血功能障碍等。多数患者为中轻症，预后良好，少数患者病情危重，甚至死亡。  其实，人感染冠状病毒后的症状因病毒而异。不过，常见体征比较相似，如有呼吸道症状、发热、咳嗽、气促和呼吸困难等。在较严重的病例中，感染可导致肺炎、严重急性呼吸综合征、肾衰竭，甚至死亡。  目前，在武汉发现的新型冠状病毒的感染源仍不明确。关于感染源也有一些推测，但未得到证实。联想到SARS冠状病毒是由果子狸传至人，MERS冠状病毒是从单峰骆驼传至人，至少说明，人的确会感染动物源冠状病毒。至于此次病毒源是否为动物，还需要进一步深入研究来揭示。  此前的病原学资料证明，一些冠状病毒的确可以在人际传播，人们通常是在居所、工作场所或医疗机构等场所与感染者密切接触后被感染。20日下午，国家卫健委高级别专家组组长钟南山院士在回答媒体提问时明确指出，此次新型冠状病毒感染的肺炎肯定存在人传人的现象，很可能来自于野生动物。目前，对于新型冠状病毒所致疾病没有特定的治疗方法，主要为对症治疗。  （3）个人自我防护从洗手开始   面对此次新型冠状病毒疫情，世卫组织鼓励所有国家加强对严重急性呼吸道感染（SARI）的监控，认真检查严重急性呼吸道感染或肺炎病例的任何异常流行情况，并向世卫组织通报新型冠状病毒感染的任何疑似病例或确诊病例。  那对于公众而言，有没有办法降低感染冠状病毒的风险呢？世卫组织建议公众从以下几方面着手，做好预防措施。  一是勤洗手。在咳嗽或打喷嚏后；照护病人时；制备食品之前、期间和之后；饭前、便后；手脏时；处理动物或动物排泄物后，记得洗手。手脏时，用肥皂和自来水洗；手不是特别脏，可用肥皂和水或含酒精的洗手液洗手。  二是咳嗽和打喷嚏要防护。在咳嗽或打喷嚏时，用纸巾或袖口或屈肘将口鼻完全遮住，并将用过的纸巾立刻扔进封闭式垃圾箱内。咳嗽或打喷嚏后，别忘了用肥皂和清水或含酒精洗手液清洗双手。在公共场所，不要随意用手触摸眼睛、鼻子或嘴巴，不要随意吐痰。  三是避免与特定人群接触。因被新型冠状病毒感染后大多表现为呼吸道症状，因此应避免与任何有感冒或类似流感症状的人密切接触。另外，还要避免在未加防护的情况下接触野生或养殖动物。  四是肉类彻底煮熟后食用。注意食品安全，处理生食和熟食的切菜板及刀具要分开，处理生食和熟食之间要洗手。即使在发生疫情的地区，如果肉食在食品制备过程中予以彻底烹饪和妥善处理，也可安全食用。  五是生鲜市场采购注意防护。春节期间，到生鲜市场采购难以避免，可通过以下方式进行预防。接触动物和动物产品后，用肥皂和清水洗手，避免触摸眼、鼻、口，避免与生病的动物和变质的肉接触，避免与市场里的流浪动物、垃圾废水接触。在生鲜市场里工作的人，接触动物和动物产品后，勤用肥皂和清水洗手，每天至少对设备和工作区域进行一次消毒。在处理动物和生鲜动物产品时，穿好防护服、戴手套和面部防护。下班后脱去防护服，每天清洗并将其留在工作区域，避免家庭成员接触未清洗的工作服和鞋。  另外，由于目前正处于冬春季传染病高发季节，从预防呼吸道病毒传播的角度，公众外出必要时可佩戴口罩。戴口罩是阻断呼吸道分泌物传播的有效手段，但要注意口罩应定期更换，不要戴反，更不要两面轮流戴。佩戴时要将折面完全展开，将嘴、鼻、下颌完全包住，然后压紧鼻夹，使口罩与面部完全贴合。戴口罩前应洗手，或在戴口罩过程中避免手接触到口罩内侧面，减少口罩被污染的可能。分清楚口罩的内外、上下，浅色面为内，应贴着口鼻，深色面朝外，金属条（鼻夹）一端是口罩的上方。  市面上常见口罩大概有3类：医用外科口罩、医用防护口罩（N95口罩）和普通棉纱口罩。其中，医用外科口罩可以阻挡70%的细菌，N95口罩可以阻挡95%的细菌，而棉纱口罩只能阻挡36%的细菌，因此建议选择前两种口罩作为外出防护。如果是去公共场所、不与患者接触，佩戴医用外科口罩即可，如果接触患者，建议佩戴N95口罩。  需要强调的是，外出回家后，记得洗手、洗鼻，如有发热和其他呼吸道感染症状，特别是持续发热不退，要及时就医。  【延伸阅读】  哪些算密切接触者？  对密切接触者采取较为严格的医学观察等预防性公共卫生措施，是国际社会通行的做法。那么，新闻上常说的密切接触者究竟是指哪些人群呢？具体来说，大致有以下几类。  与病例共同居住、学习、工作或有其他有密切接触的人员；诊疗、护理、探视病例时未采取有效防护措施的医护人员、家属，或其他与病例有类似近距离接触的人员；病例同病室的其他患者及陪护人员；与病例乘坐同一交通工具并有近距离接触的人员；现场调查人员调查后经评估认为符合条件的人员。  如果接到疾控部门通知，你是一个密切接触者，该怎么办？按照要求进行居家医学观察，不要上班，不要随便外出，做好自我身体状况观察，定期接受医生的随访。如果出现发热、咳嗽等异常临床表现，及时向当地疾控机构报告，在其指导下到指定医疗机构进行排查、诊治等。
网站,警示｜人血馒头吃不得！勿借新型肺炎疫情做虚假宣传,近日，武汉新型冠状病毒肺炎疫情牵动着全国人民的心。截止目前，北京、上海、广西、四川、云南、山东等地均有报告确诊及疑似病例，境外报告数例。如今，政府对武汉新型冠状病毒肺炎疫情高度重视，根据国家卫健委下发的关于疫情防治指南的诊疗方案，各级政府部门与医疗机构正在紧张有序地开展疫情防治工作。然而，就在此时，网信视点发现，一些健康产业从业者正在借此次疫情的热点，在网络上和朋友圈进行营销，声称防治疫情的最佳方法是提高免疫力，而恰巧自家产品可提升免疫力。营销人员以这种打擦边球的话术，诱导消费者相信使用产品可以防治新型冠状病毒肺炎，这样的行为毫无底线。这些营销人员有没有想过，一些病患可能因此耽误治疗，不但可能危及生命安全，还有可能影响疫情防治工作。   图：一些健康从业者正借此次疫情热点开展不当营销  来源：新浪微博截图及微信朋友圈我们在此郑重提醒、警示商家和营销从业者，不要瞎蹭热点，不要吃“人血馒头”，不要试图挑战法律和道德底线。否则下一个“权健”可能就是你。我们同时呼吁，在疫情期间，相关企业务必加强对从业人员的培训管理，加强市场规范，守法经营。   　   　据《人民日报》官微，多位权威专家建议春运期间可通过以下方式严防新型冠状病毒： ①春运途中制订行程避免颠簸，尽可能避免多次转车，否则疲劳导致机体免疫力下降； ②旅途中注意添衣保暖； ③佩戴N95口罩/医用外科口罩； ④勤洗手，如果条件不允许，可准备消毒湿巾或免洗洗手液； ⑤春节期间食物做熟，少去拥挤的地方。
网站,澳门提升应对新型冠状病毒肺炎疫情预警 设应变协调中心,澳门特区政府21日中午召开记者会，将应对新型冠状病毒疫情预警提升至第二级，即“可能面临爆发”的级别，并设立新型冠状病毒感染应变协调中心，24小时运作应对疫情变化。  目前，澳门各口岸还无需采取控制人流或入境措施。澳门已从国家卫健委获得快速检测试剂，也已派出医护人员赴武汉交流防治经验。此前，澳门13名疑似病例均排除感染新型冠状病毒。  针对春节假期入境游客增多的情况，澳门将在原来的各出入境口岸测温、对来自武汉的航班登机测温、填写健康申报表的基础上，因应疫情变化，采取加派人手，增加对一些航班的登机检测等措施。
网站,武汉肺炎 【武汉肺炎】 澳男疑似感染 曾到访武汉,澳洲出现首宗怀疑武汉肺炎个案，怀疑染病的男子曾到访中国武汉，目前在布里斯班的寓所接受隔离。  澳洲昆士兰省首席医疗官珍妮特．扬（Jeannette Young）周二表示，怀疑染病的男子从武汉乘飞机经悉尼入境，出现与严重急性呼吸道症候群（SARS）相似的病征。  “男子在较早前已接受检测，但未能确定他是否染上新型冠状病毒肺炎。”  她也透露，男子目前在家中接受隔离，已进行进一步检测。  “由于澳洲此前未出现过相关病例，所以没有特定的新型冠状病毒检测方法，现时刚从世界卫生组织取得病毒检测引物，料需时数日才有男子的检疫报告。”  珍妮特．扬也表示，上周已要求昆士兰所有紧急部门、医院及诊所加强防疫，任何从武汉到昆士兰的人若出现咳嗽、发烧、喉咙痛等呼吸道病征，相关部门必须采集样本送到布里斯班检验。
网站,【韩国首例新型冠状病毒肺炎患者病情好转】,格隆汇1月21日丨韩国疾病管理本部21日表示，20日被确诊为韩国首例新型冠状病毒肺炎的患者目前状态良好，管理本部正在对其进行深度流行病学调查。该名患者为35岁的中国籍女性，于19日从武汉出发，经韩国仁川国际机场入境，后被发现有高烧等症状而转入指定医疗机构接受隔离治疗。20日被确诊感染新型肺炎。
网站,八问钟南山：新型冠状病毒肺炎 情况到底如何？,新型冠状病毒传播途径是什么？跟SARS有何区别？针对“新型冠状病毒感染的肺炎疫情”有关防控情况，国家卫健委高级别专家组组长钟南山院士接受了白岩松采访，回应了民众的关切。   1、白岩松：新型冠状病毒肺炎跟SARS区别是什么？   钟南山：现在出现的新型冠状病毒，既跟SARS不一样，也跟中东呼吸综合征不一样，是完全不同性质的一个病毒。新型冠状病毒的感染现在刚刚开始，同时正在爬坡，所以跟SARS那个时候相比传染性没有那么强，毒力也还没那么大。我觉得从疾病的严重性跟传播力来说，两者还是有差别的。   2、白岩松：1月19日，武汉市的累计确诊病例198，但累计死亡病例是3（截至20日20时）。这个数字是否意味着它对人的威胁性远远小于2003年的SARS？还是因为我们积累了打SARS那场战役有很多的经验，因此导致“3”这样一个数字不至于让大家太过担心？   钟南山：两个因素都有。一旦有新型冠状病毒感染的话，我们确实积累了一定的经验。治疗的措施比以前有很大进步。另外一方面，因为这个疾病是处于一个起始阶段，现在的病死率不能说明全面，恐怕还得看这个疾病的发展。在这个问题上，我们应该提高警惕。当前这个情况并不能代表它的全貌，因为这个疾病刚刚开始，也处于一个爬坡的阶段。   3、白岩松：这两天一下子新增病例非常非常多，是由于我们采用了新的试剂来进行判断，包括检测速度更快了、更准了，还是也跟病毒自身规律有关？   钟南山：两个原因都有。对新的疾病，各地的试剂各方面不一样，需要一个权威的单位来进一步印证，需要拖一些时间。另外一个因素，这几天情况都有不同，在一定意义上说明，这个疾病在局部发展是比较快的。   4、白岩松：跟SARS比较，这次集中在武汉，而且像上海、广东等地都是输入性的病例，这对防控来说是一个好消息吗？   钟南山：任何急性的传染病出现都不是好消息！在一定意义上从流行病学看，它不单是集中在武汉，而且集中在两个区，这两个区大概占了45%。这两个区有一个特点，有一个比较大的所谓海鲜市场。实际上并不是海鲜，而是野味，野生动物。从各方面初步流行病学分析，它实际上通过野生动物传到人，这是比较大的可能。但是现在还是出现人传人的现象，这是我们应该提高警惕的时候。   5、白岩松：怎么判断是人传人的？   钟南山：目前资料显示，它是肯定有人传人的。在武汉有这样的肯定证据，在广东有两个病人没去过武汉，但是家人去了武汉以后，染上了新型冠状病毒，所以现在可以肯定有人传人的现象。   6、白岩松：因为是一种新型冠状病毒，我们对它的了解到了哪个程度？离知道它的病原还有多远？   钟南山：现在对它的了解还是很不够。我们只能从原则上，第一，它是一个新型的冠状病毒。它引起的一些症状，跟以前SARS有些相似。第二，它的源头是什么动物，基本上还不清楚。只是从各方面的流行病学调查的话，是来自一个野生动物可能性比较大，比如说像竹鼠、獾这一类这些。   7、白岩松：从医学专家的角度，包括整个医疗体系，该怎么办？普通人应该怎么防范？   钟南山：它的传染性，现在已经存在人传人，同时医务人员也有传染，要提高警惕了。关键的几条：一个就是预防，没有特殊的情况不要去武汉，这个是很重要的。如果有不舒服或者感冒，应该到当地的发热门诊去看，必要的时候进行排查。不舒服的话是要戴口罩，戴口罩还是有用的，实际上并不一定非要戴N95。因为这些病毒不是单独的存在，它常常存在飞沫里。一般的外科口罩还是能够阻挡大部分的，戴口罩还是有用的。   8、白岩松：普通人出现什么症状就一定要去医院治疗，是发烧吗？   钟南山：因为在冬季，流感比较多，光是发烧还是不够。一个是去过武汉或者说家里边有从武汉过来的，这是一个前提。另外，自己有发烧，这个就要警惕了，必须到发烧门诊去看，同时，必要的时候做核酸检测。
网站,针对新型冠状病毒肺炎疫情 携程、去哪儿网发布春节出行的退改保障政策,杭州日报讯 今天中午，携程旅行网、去哪儿网等旅游平台先后发布消息，针对此次疫情推出退改保障政策：  1.被确诊为新型冠状病毒肺炎或因疑似新型冠状肺炎被机场(港口)隔离劝返的用户，以及作为密切接触者的同行人，可免费取消去哪儿网平台预订的度假类产品，损失由去哪儿网承担。  2.针对即日起至1月31日春节期间武汉地区酒店、门票、用车订单，去哪儿提供免费取消保障。目前武汉地区多数酒店接受协调，可无损退订；对于无法协调的酒店订单损失，去哪儿将承担损失。  3.目前各航司陆续推出针对发热旅客的特殊退改政策，去哪儿网方面称，将全力按照航空公司政策为用户协调免费退订或减少损失；携程方面则表示，针对公共交通（机票、铁路）的各类订单，目前民航及铁路部门暂未推出针对此次疫情的特殊退改政策，对于有退订需求的用户，携程将竭尽全力与航空公司等产品提供方沟通，为用户协调免费退订或减少损失。  截至1月21日中午已出政策航空公司：南方航空、海南航空、深圳航空、天津航空、昆明航空、贵州多彩航空、西部航空、乌鲁木齐航空、华夏航空、新加坡酷航）  4.去哪儿网也将密切关注民航、铁路部门以及各个酒店的退订政策变化，及时响应国家相关部门的要求，第一时间为用户提供保障服务。
网站,韩国首例新型冠状病毒肺炎患者病情好转,据央视新闻，韩国疾病管理本部21日表示，20日被确诊为韩国首例新型冠状病毒肺炎的患者目前状态良好，管理本部正在对其进行深度流行病学调查。该名患者为35岁的中国籍女性，于19日从武汉出发，经韩国仁川国际机场入境，后被发现有高烧等症状而转入指定医疗机构接受隔离治疗。20日被确诊感染新型肺炎。
网站,旅行社纷纷出台退改政策：春节期间武汉地区酒店可免费取消，机票将与航司协商,随着春节的临近，出游高峰到来。针对新型冠状病毒肺炎，各大旅企及时响应国家相关部门的要求，纷纷推出退改保障政策，第一时间为用户提供保障服务。  1、被确诊为新型冠状病毒肺炎或因疑似新型冠状肺炎被机场(港口)隔离劝返的用户，以及作为密切接触者的同行人，可免费取消携程平台预订的全部产品，损失由携程承担。  2、针对即日起至1月31日春节期间武汉地区酒店、门票、用车订单，携程提供免费取消保障。目前武汉地区多数酒店接受协调，可无损退订；对于无法协调的酒店订单损失，携程将为用户承担。  3、针对公共交通（机票、铁路）的各类订单，目前民航及铁路部门暂未推出针对此次疫情的特殊退改政策，对于有退订需求的用户，携程将竭尽全力与航空公司等产品提供方沟通，为用户协调免费退订或减少损失。  4、携程也将密切关注民航、铁路部门的退订政策变化，及时响应国家相关部门的要求，第一时间为用户提供保障服务。  1、即日起至1月31日出行武汉地区的酒店、门票、用车订单，可免费取消。如平台商家无法免费退订，相关损失由飞猪承担。  2、机票、铁路、公路订单，依据航空公司及铁路、公路部门发布的特殊退改政策进行。还未发布特殊退改政策的，飞猪将全力与商家沟通，尽力减少用户损失。  3、被确诊为新型冠状病毒肺炎或因疑似新型冠状肺炎被机场(港口)隔离劝返的用户，以及密切接触者同行人，可免费取消在飞猪平台预订的全部产品。  4、所有奋战一线的医护人员，因本次事件取消休假的，在飞猪预订的所有产品可免费取消。飞猪将及时响应国家相关部门的要求，第一时间为用户提供保障服务。  1、被确诊为新型冠状病毒肺炎或因疑似新型冠状肺炎被机场(港口)隔离劝返的用户，以及作为密切接触者的同行人，可免费取消去哪儿网平台预订的度假类产品，损失由去哪儿网承担。  2、针对即日起至1月31日春节期间武汉地区酒店、门票、用车订单，去哪儿提供免费取消保障。目前武汉地区多数酒店接受协调，可无损退订；对于无法协调的酒店订单损失，去哪儿将承担损失。  3、目前各航司陆续推出针对发热旅客的特殊退改政策，去哪儿网将全力按照航空公司政策为用户协调免费退订或减少损失。（截至1月21日中午已出政策航空公司：南方航空、海南航空、深圳航空、天津航空、昆明航空、贵州多彩航空、西部航空、乌鲁木齐航空、华夏航空、新加坡酷航）  4、去哪儿网也将密切关注民航、铁路部门以及各个酒店的退订政策变化，及时响应国家相关部门的要求，第一时间为用户提供保障服务。  1、即日起至1月31日，通过美团、大众点评预订的武汉市酒店、民宿、景区门票、度假的订单，均可联系客服免费取消，美团为用户免费取消保障。  2、被确诊为新型冠状病毒肺炎或因疑似新型冠状肺炎被机场、港口、车站隔离劝返的用户，以及作为密切接触者的同行人，可免费取消通过美团、大众点评预订的酒店、民宿、景区门票、度假的订单。  3、美团将密切关注民航、铁路部门的退改签政策变化，及时响应国家相关部门的要求，第一时间为用户提供保障服务。针对已预订但未出行旅客的退票、改签需求，美团将竭尽全力与航空公司等产品提供方沟通，协助用户进行机票退改签服务，火车票也将和铁路部门的退改签政策保持一致。  同程集团启动应急预案，推出用户无忧疫情退改保障措施。凡此前预订了同程艺龙和同程旅游相关产品的用户，因被确诊或疑似新型冠状病毒肺炎被机场（港口）隔离劝返，以及与其有密切接触的同行用户，同程艺龙和同程旅游承诺将免费为其取消相关产品（范围覆盖机票、酒店、火车票、门票、度假等全平台产品），用户损失由平台承担。此外，还推出以下退改保障措施：  1、 在同程艺龙预订的1月21日起至1月31日武汉地区酒店的订单，我们承诺为用户无损取消，如有损失将由公司承担。上述时间范围内武汉以外区域的酒店，我们将第一时间为用户协调退改，全力降低用户损失，最终以实际协调结果为准；  2、 国内和国际机票部门正密切关注机场、航司的最新进展，目前南方航空、昆明航空、天津航空、华夏航空、海南航空等航司已出具针对发热旅客的特殊退改政策，其他航司及机场还在跟进中，我们将严格执行航司相关政策，协助用户完成退改；  3、 火车票部门同样全力关注铁路部门针对此次疫情的相关政策，随时响应国家相关部门要求，为用户提供必要协助；  4、 针对此次疫情，同程艺龙和同程旅游客服中心已第一时间调动全员人力，保障用户问题能在第一时间得到答复和解决。  驴妈妈旅游网第一时间启动应急预案，并承诺为游客提供以下服务：  1、 对于已预订即日起至2020年1月31日（大年初七）武汉地区门票、酒店、跟团游、自由行等产品的驴妈妈游客，可申请全额无损退款，由驴妈妈承担全部损失。  2、 对于已预订含武汉为目的地的火车票、机票等各类订单，驴妈妈将和游客、航司保持密切联系，按照铁路局、民航局、航司最新规定和要求，积极协助用户办理退票或改期。  3、 对于被确诊为新型冠状病毒肺炎或因疑似新型冠状肺炎，在机场、火车站、长途汽车站、客运码头等公共交通枢纽被隔离劝返的游客，以及作为密切接触者的同行人，可申请免费取消在驴妈妈平台预订的全部产品，由驴妈妈承担全部损失。  4、 退改方式：游客可致电驴妈妈旅游网24小时客服热线（1010-6060）完成退改手续。  后续，驴妈妈旅游网也将密切关注肺炎疫情动态发展，同时尽己所能提供协助，竭力保障游客安全。游客如有需求，可拨打驴妈妈旅游网24小时客服热线：1010-6060。  来源：周到上海       作者：李晓明
网站,中国青年报：口罩坐地涨价！电商不该借机发疫情财,原标题：中国青年报：口罩坐地涨价！电商不该借机发疫情财  口罩坐地涨价！ 电商不该借机发疫情财  多地发现新型冠状病毒肺炎病例，不少购买口罩自我预防的网友发现，一些电商平台销售的口罩明显涨价。生命安全和身体健康远重于短期利润，乘机涨价发疫情财，有悖道德。对此，相关部门也要加强监管和查处。 （王钟的）  最新网 www.zuinow.com 2020-01-21 16:21:44   电商口罩涨价疫情坐地  声明：本网部分信息转载于其他网站，如稿件涉及版权等问题，请联系我们！  界面设计：洱海网(www.erhainews.com) 版权所有
网站,武汉肺炎疫情进入防控关键期，家庭除菌至关重要,"临近春节,除了返乡与春运等春节关键词,近两天由武汉爆发的新型冠状病毒肺炎疫情也引发持续关注,截止1月20日 18时,我国境内累计报告发现新型冠状病毒感染的肺炎病例224例。截止目前各方专家仍对疫情透露出积极信号, 1月20日晚,国家卫健委高级别专家组组长钟南山在连线中表示,此次的新型冠状病毒与此前肆虐的SARS是完全不同的两种病毒,传染性没那么强,目前是防控的关键时期。采取必要的预防措施,可有效控制病毒扩散,减少感染可能性。面对疫情,鲨客提醒大家不必恐慌。重点是做好自身和家人的预防。除了注意个人卫生如勤洗手、出门佩戴合适的医用口罩外,春节期间走亲访友增多,家里的卫生也需高度重视,外出携带回来的细菌、开窗通风时带入的粉尘很容易聚集在家里的地面上,如果不进行及时有效的清洁,会威胁健康。如何才能有效去除地面细菌又不危害家人健康呢?一般大家会想到两种方式,即传统的拖把拖地或者使用化学制剂喷洒在地面上。但殊不知,使用化学制剂有可能产生二次危害,不利于家里的老人小孩以及免疫力低的家人的呼吸道健康。对于中国家庭来说,传统拖把仍然司空见惯。然而,传统拖把清洁不彻底反而容易滋生细菌,越拖越脏。鲨客致力于改变这一难题,发明了全新的“拖把新物种”——鲨客蒸汽除菌拖把,通过高温蒸汽除菌,产生120度高温蒸汽,可达到99.99%的除菌率及100%的除螨率;同时还能利用大蒸汽定点喷射技术与强效抓污技术,对地板上的顽固污渍进行快速溶解与抓取吸附,即拖即干,丝毫不留水渍污渍,杜绝二次污染。帮助你从此彻底清除家里的细菌烦恼。据悉,鲨客蒸汽拖把还有多种功能,既是除菌拖把,还可以搭配不同配件充当除螨仪、厨房油污清洁机、挂烫机。一机多用,堪称居家多功能清洁机,实现全屋清洁。在疫情扩散时期对于家庭除菌来说更是一个最好的选择,帮助守护室内健康免于细菌滋扰,更好的预防新型冠状病毒。这款产品上市一年多来备受好评,尤其深受母婴家庭的喜爱。截至目前鲨客蒸汽除菌拖把更是连续10个月位居天猫行业TOP1位置。鲨客负责人表示:“我们在反复的用户调研中发现,使用蒸汽拖把是健康可行且有效清除细菌的方式,我们希望能帮助更多的消费者做好日常除菌,在特殊时期也无需恐慌。“"
网站,央视新闻：已有多家航空公司出台发热旅客改期退票政策,天津航空宣布，自2020年1月15日起，卫生部门已在武汉天河机场T3航站楼入口设立体温监测点，对进入航站楼的所有旅客进行体温检测，如发现旅客存在发烧、发热现象，有关部门将对旅客采取临时隔离措施。为方便发热旅客改期或退票，航班日期在2020年1月15日-2月29日，由天津航空实际承运的国内航班，旅客可持加盖武汉天河机场卫生所印章的误机证明文件，办理免费改期一次或全额退票。  海南航空表示，为方便发热旅客改期或退票，航班日期在2020年1月15日-2月29日，由海南航空/大新华航空实际承运的国内航班，旅客可持加盖武汉天河机场卫生所印章的误机证明文件，办理免费改期7天（含）内航班一次或在客票有效期内前往海南航空直属售票处，为客票未使用部分办理免费退票；对于国际航班，可办理免费改期14天（含）内航班一次，或在客票有效期内前往海南航空直属售票处，为客票未使用部分办理免费退票。  据记者统计，截至1月21日中午，已出政策的航空公司包括南方航空、海南航空、深圳航空、天津航空、昆明航空、贵州多彩航空、西部航空、乌鲁木齐航空、华夏航空等。  此外，携程表示，针对此次疫情推出退改保障政策。被确诊为新型冠状病毒肺炎或因疑似新型冠状肺炎被机场（港口）隔离劝返的用户，以及作为密切接触者的同行人，可免费取消携程平台预订的全部产品，损失由携程承担；针对即日起至1月31日春节期间武汉地区酒店、门票、用车订单，携程提供免费取消保障。目前武汉地区多数酒店接受协调，可无损退订。对于无法协调的酒店订单损失，携程将为用户承担。  去哪儿网表示，针对此次疫情，被确诊为新型冠状病毒肺炎或因疑似新型冠状肺炎被机场（港口）隔离劝返的用户，以及作为密切接触者的同行人，可免费取消去哪儿网平台预订的度假类产品，损失由去哪儿网承担；针对即日起至1月31日春节期间武汉地区酒店、门票、用车订单，去哪儿网提供免费取消保障。目前武汉地区多数酒店接受协调，可无损退订；对于无法协调的酒店订单损失，去哪儿网将承担损失。  同时，去哪儿网表示，目前各航司陆续推出针对发热旅客的特殊退改政策，去哪儿网将全力按照航空公司政策为用户协调免费退订或减少损失。去哪儿网也将密切关注民航、铁路部门以及各个酒店的退订政策变化，及时响应国家相关部门的要求，第一时间为用户提供保障服务。  （原题为：《多航司出台发热旅客改期退票政策》）  (本文来自澎湃新闻，更多原创资讯请下载“澎湃新闻”APP)
网站,武汉肺炎疫情进入防控关键期，家庭除菌至关重要,"临近春节,除了返乡与春运等春节关键词,近两天由武汉爆发的新型冠状病毒肺炎疫情也引发持续关注,截止1月20日 18时,我国境内累计报告发现新型冠状病毒感染的肺炎病例224例。截止目前各方专家仍对疫情透露出积极信号, 1月20日晚,国家卫健委高级别专家组组长钟南山在连线中表示,此次的新型冠状病毒与此前肆虐的SARS是完全不同的两种病毒,传染性没那么强,目前是防控的关键时期。采取必要的预防措施,可有效控制病毒扩散,减少感染可能性。面对疫情,鲨客提醒大家不必恐慌。重点是做好自身和家人的预防。除了注意个人卫生如勤洗手、出门佩戴合适的医用口罩外,春节期间走亲访友增多,家里的卫生也需高度重视,外出携带回来的细菌、开窗通风时带入的粉尘很容易聚集在家里的地面上,如果不进行及时有效的清洁,会威胁健康。如何才能有效去除地面细菌又不危害家人健康呢?一般大家会想到两种方式,即传统的拖把拖地或者使用化学制剂喷洒在地面上。但殊不知,使用化学制剂有可能产生二次危害,不利于家里的老人小孩以及免疫力低的家人的呼吸道健康。对于中国家庭来说,传统拖把仍然司空见惯。然而,传统拖把清洁不彻底反而容易滋生细菌,越拖越脏。鲨客致力于改变这一难题,发明了全新的“拖把新物种”——鲨客蒸汽除菌拖把,通过高温蒸汽除菌,产生120度高温蒸汽,可达到99.99%的除菌率及100%的除螨率;同时还能利用大蒸汽定点喷射技术与强效抓污技术,对地板上的顽固污渍进行快速溶解与抓取吸附,即拖即干,丝毫不留水渍污渍,杜绝二次污染。帮助你从此彻底清除家里的细菌烦恼。据悉,鲨客蒸汽拖把还有多种功能,既是除菌拖把,还可以搭配不同配件充当除螨仪、厨房油污清洁机、挂烫机。一机多用,堪称居家多功能清洁机,实现全屋清洁。在疫情扩散时期对于家庭除菌来说更是一个最好的选择,帮助守护室内健康免于细菌滋扰,更好的预防新型冠状病毒。这款产品上市一年多来备受好评,尤其深受母婴家庭的喜爱。截至目前鲨客蒸汽除菌拖把更是连续10个月位居天猫行业TOP1位置。鲨客负责人表示:“我们在反复的用户调研中发现,使用蒸汽拖把是健康可行且有效清除细菌的方式,我们希望能帮助更多的消费者做好日常除菌,在特殊时期也无需恐慌。“"
网站,美团、马蜂窝：即日起至1月31日武汉旅行订单可免费取消,来源标题：美团、马蜂窝：即日起至1月31日武汉旅行订单可免费取消  刚刚，美团针对此次新型冠状病毒肺炎疫情发布了旅行订单退改保障政策。即日起至1月31日，通过美团App和大众点评App预订的武汉市酒店、民宿、景区门票及度假的订单，均可免费取消。  具体退改政策如下：  即日起至1月31日，通过美团、大众点评预订的武汉市酒店、民宿、景区门票、度假的订单，均可联系客服免费取消，美团为用户免费取消保障。  被确诊为新型冠状病毒肺炎或因疑似新型冠状肺炎被机场、港口、车站隔离劝返的用户，以及作为密切接触者的同行人，可免费取消通过美团、大众点评预订的酒店、民宿、景区门票、度假的订单。  美团将密切关注民航、铁路部门的退改签政策变化，及时响应国家相关部门的要求，第一时间为用户提供保障服务。针对已预订但未出行旅客的退票、改签需求，美团将竭尽全力与航空公司等产品提供方沟通，协助用户进行机票退改签服务，火车票也将和铁路部门的退改签政策保持一致。  此外，针对新型冠状病毒肺炎疫情，马蜂窝旅游也启动了突发应急机制，为平台用户提供产品退改保障政策：  被确诊为新型冠状病毒肺炎或因疑似新型冠状肺炎被机场(港口)隔离劝返的用户，以及作为密切接触者的同行人，可免费取消在马蜂窝预订的全部订单，损失由平台承担。  对于航司、铁路部门及平台供应商有相关退改政策的，马蜂窝将在执行相关政策的基础上，竭力协助用户办理退改业务。期间暂无政策的，马蜂窝将协助有退改需求的用户与产品提供方沟通，尽力为用户协调免费退订或减少损失。出行日期为2020年1月21日至2020年1月31日，目的地为武汉的酒店、门票订单，马蜂窝为出行用户提供无损退改保障。  马蜂窝也将持续关注防疫动态，跟进民航、铁路及其他交通部门、平台供应商的退改政策，及时响应国家相关部门要求，全力为用户提供出行保障和服务。  此外，北京青年报记者从众信旅游获悉，其在1月初已经制订《2020春节应急安全工作预案》，并成立了由集团领导和各业务线分管领导负责的应急安全指挥组，要求各业务板块召集动员会，向下逐级落实质量安全责任、分层细化具体工作要求。  在发生新型肺炎情况后，众信旅游又在工作预案中增补了相关防范和应急工作内容，并要求全体一线服务人员学习、执行到位。
网站,武汉新增17例新型冠状病毒肺炎病例 新增的病例具体是哪些群体,武汉出现的病毒肺炎已持续多日，普通人应该如何预?那武汉新增17例新型冠状病毒肺炎病例，新增的病例具体是哪些群体?下面，我们一起来看看吧。   截止昨天，武汉新增17例新型冠状病毒肺炎病例，新增的病例具体是哪些群体，新型冠状病毒应该如何预防?   据武汉市卫健委消息：2020年1月17日，国家和省市专家对全市各社区卫生服务中心筛查的、各医院发热门诊发现并收治的不明原因肺炎部分病例，依据其临床表现、流行病学史，以及采用优化后的检测试剂盒检测出的新型冠状病毒核酸阳性结果进行综合研判，新认定新型冠状病毒感染的肺炎病例17例。   17例患者中，男性12例、女性5例;60岁以下9例，60岁及以上8例，年龄最小的30岁，年龄最大的79岁;发病日期在2020年1月13日前;首发症状为发热、咳嗽或发热伴咳嗽;3例为重症，其余病情稳定，除2例病情危重暂不适宜转运外，其余15例均已转运至武汉市金银潭医院集中治疗。   17例新增病例的相关流行病学调查正深入进行，其密切接触者也正在追踪中。   下一步，武汉市将继续扩大搜索范围，确定疑似病例，并开展采样检测。   武汉新型冠状病毒肺炎病例的 具体数据   截至1月17日24时，武汉市累计报告新型冠状病毒感染的肺炎病例62例，已治愈出院19例，在治重症8例，死亡2例，其余患者病情稳定，患者均在武汉市定点医疗机构接受隔离治疗。累计追踪密切接触者763人，已解除医学观察681人，尚在接受医学观察82人，密切接触者中，没有发现相关病例。新增病例的流行病学调查、密切接触者追踪排查正在进行中。   普通人应该如何预防?   1、出门戴口罩，建议选择N95口罩或医用外科口罩。当口罩损坏、受血渍或飞沫等污染、或使用者感到呼吸阻力变大时，应立刻更换;如无这些情形，也应该定期更换，以每天使用3小时为例，N95口罩可每周更换一个，医用外科口罩可每天或隔天更换。   2、尽量不去人多的地方，勤洗手、洗澡、换衣、通风。   3、喷嚏、咳嗽时用纸巾或手肘挡住口鼻，身边有发热、咳嗽的人时注意保持距离。   冠状病毒是一类主要引起呼吸道、肠道疾病的病原体。这类病毒颗粒的表面有许多规则排列的突起，整个病毒颗粒就像一顶帝王的皇冠，因此得名“冠状病毒”。冠状病毒除人类以外，还可感染猪、牛、猫、犬、貂、骆驼、蝙蝠、老鼠、刺猬等多种哺乳动物以及多种鸟类。目前为止，已知的人类冠状病毒共有六种。其中四种冠状病毒在人群中较为常见，致病性较低，一般仅引起类似普通感冒的轻微呼吸道症状。另外两种冠状病毒——严重急性呼吸综合征冠状病毒和中东呼吸综合征冠状病毒，也就是我们简称的SARS冠状病毒和MERS冠状病毒，可引起严重的呼吸系统疾病。   武汉不明原因肺炎最新进展   武汉市卫生健康委13日晚发布通报称，截至12日24时，武汉累计报告新型冠状病毒感染的肺炎病例41例，已治愈出院7例，在治重症6例，死亡1例，其余患者病情稳定。世卫组织在声明中说，在其他国家发现这种新型冠状病毒病例并不令人意外，并呼吁在其他国家继续做好监测等工作。   引起此次疫情的新型冠状病毒不同于已发现的人类冠状病毒，对该病毒的深入了解需要进一步科学研究。   中研普华利用多种独创的信息处理技术，对行业市场海量的数据进行采集、整理、加工、分析、传递，为客户提供一揽子信息解决方案和咨询服务，最大限度地降低客户投资风险与经营成本，把握投资机遇，提高企业竞争力。更多详细分析，请关注中研研究院研究出版的《2020-2025年中国医疗信息化行业现状分析与发展前景预测报告》 。
网站,海南航空、昆明航空为武汉发热旅客提供免费改期、退票,原标题：海南航空、昆明航空为武汉发热旅客提供免费改期、退票  【文/观察者网 徐乾昂】新型冠状病毒疫情陆续在全国多地传出确诊病例。海南航空、昆明航空、天津航空均已发布通告，对持武汉天河机场卫生所证明的旅客提供免费退票或改签服务。   1月21日，海南航空通过其官方微博发布声明，乘客须持加盖武汉天河机场卫生所印章的证明文件，在海南航空直属售票处或致电海航呼叫中心，办理免费改签。国内航线乘客可免费改签7天（含）内航班一次；国际航线乘客则可免费改签14天（含）航班一次。所有航线乘客，均可在客票有效期前往海南航空直属售票处，办理免费退票。   1月20日，昆明航空公司在其官方网站发布公告，针对近期武汉发生新型冠状病毒感染的肺炎疫情，为了配合疫情控制工作，昆明航空对持有加盖武汉天河机场卫生所印章证明文件（发热排查旅客误机证明）的旅客，可免费办理退票及改期业务。   今天天津航空也发布类似声明。   同时，去哪儿网、携程网两家旅行服务平台，今天也推出退改保障政策。被确诊为新型冠状病毒肺炎或因疑似新型冠状病毒肺炎被机场（港口）隔离劝返的用户，以及作为密切接触者的同行人，可免费取消去哪儿网、携程平台预订的度假类产品。   正值春运高峰期，据交通运输部统计，春运前10天（1月10日至19日），全国铁路、道路、水路、民航共发送旅客7.58亿人次，比去年同期增长2.5%。其中铁路发送旅客1.17亿人次，增长20.3%；道路发送旅客6.12亿人次；水路发送旅客884.1万人次，增长4.8%；民航发送旅客1913.0万人次，增长9.1%。   1月20日，春运进入第11天，全国铁路预计发送旅客1224万人次，同比增长19.8%。   本文系观察者网独家稿件，未经授权，不得转载。   最新网 www.zuinow.com 2020-01-21 16:18:52   旅客航空免费冠状病毒退票  声明：本网部分信息转载于其他网站，如稿件涉及版权等问题，请联系我们！  界面设计：洱海网(www.erhainews.com) 版权所有
网站,喝凉茶吃中药防肺炎？广东中医院辟谣防肺炎方案,原标题：喝凉茶吃中药防肺炎？假的！ 广东省中医院辟谣防肺炎方案  来源：21世纪经济报道新型冠状病毒不明肺炎事件持续升级，各类防治谣言四起。关于中药方防治肺炎和喝某凉茶防治肺炎的传言四起，今日广东省中医院辟谣所谓“药方”。此外华南某三甲中医院医生对21世纪经济报道记者表示抗病毒口服液、板蓝根之类如被感染了喝也没用，也并不能起到预防作用，以现在的情况来看，防治不明肺炎最有效的方法仍然是戴口罩、多洗手、勤通风。  点击进入专题：  武汉发生新型冠状病毒肺炎  责任编辑：杨杰
网站,如何预防新型冠状病毒肺炎？你可以这么做,【#如何预防新型冠状病毒肺炎#？你可以这么做】 记者从国家卫生健康委员会获悉，预防新型冠状病毒感染的肺炎，可以这么做：  （1）保持手卫生。咳嗽、饭前便后、接触或处理动物排泄物后，要用流水洗手，或者使用含酒精成分的免洗洗手液。  （2）保持室内空气的流通。避免到封闭、空气不流通的公众场所和人多集中地方，必要时请佩戴口罩。咳嗽和打喷嚏时使用纸巾或屈肘遮掩口鼻，防止飞沫传播。  （3）医院就诊或陪护就医时，一定要佩戴好合适的口罩。  （4）良好安全饮食习惯，处理生食和熟食的切菜板及刀具要分开，做饭时彻底煮熟肉类和蛋类。  （5）尽量避免在未加防护的情况下接触野生或养殖动物。（记者田晓航、温竞华 图片来源：健康中国）  【
网站,春节期间武汉酒店民宿订单可免责取消，住店客人被要求测体温,原标题：春节期间武汉酒店民宿订单可免责取消，住店客人被要求测体温  1月21日，包括亚朵、华住、Airbnb爱彼迎、途家等多家酒店民宿针对近期新型冠状病毒肺炎的疫情发布最新退改保障措施。目前来看，大部分国内酒店都对武汉区域订单给予了免费取消政策，与此同时，对当地酒店内部也进行疾病防控措施，包括对酒店住客测量体温，加强消毒力度，餐饮烹调要求全熟等，而外资酒店方面目前暂时没有具体方案公布。  此外，包括爱彼迎，途家等民宿平台也给出了特殊退订政策，对武汉房源实行免责取消政策。  澎湃新闻注意到，亚朵酒店发布的消息政策显示：  1.即日起至1月31日春节期间已经预定的武汉地区酒店订单，亚朵提供免费取消保障。  2.针对已入住或即将入住的用户，亚朵面向全国门店启动了12小时应急响应机制，引导入店客人体温检测，针对有异常客人要求门店及时通知医疗机构，必要时采取隔离措施。  3.全国所有门店的公共区域增加消毒力度，针对武汉区域的食品安全问题增加采购验收，要求餐饮部门对肉类、蛋类、禽类必须烹饪全熟，餐具必须二次消毒。  据澎湃新闻了解，亚朵集团旗下酒店在武汉的酒店品牌包括：亚朵酒店、亚朵S及亚朵轻居。而亚朵集团在全国门店的酒店品牌包括：亚朵酒店、亚朵轻居、ATOUR S HOTEL、ATOUR LAB等。  华住则向澎湃新闻表示，由于华住的日常会员政策也是18点前无忧取消，因此，通过华住会官方平台预订的客人，如需临时变更行程，在入住当天18:00之前均可免费取消订单，全额退款。  洲际酒店、希尔顿酒店等对此暂无具体方案。  洲际酒店回应澎湃新闻（www.thepaper.cn）称，旗下各酒店将根据客人的实际情况协助处理预定修改或取消事宜，“客人和员工的健康及安全是我们的重点关注”。  希尔顿酒店则表示，公司正在做形势分析。  除了酒店，民宿也对此作出相关回应。当日下午，Airbnb爱彼迎、途家民宿等也就新型冠状病毒疫情正式启动房源订单退订的特殊保障政策。  Airbnb爱彼迎指出：针对2020年1月21日-2020年1月31日期间武汉地区的房源预订订单，Airbnb爱彼迎将启动平台的“特殊退订政策”，对房客提供免责取消保障；同时，Airbnb爱彼迎对于被确诊为新型冠状病毒肺炎或因疑似感染新型冠状病毒被机场、港口、车站等公共机构劝返、隔离的房客或预订同行人，提供房源预订的免责取消保障。  途家民宿的退改保障政策也和Airbnb爱彼迎的退改政策相同。  近期，湖北省武汉市等多个地区发生新型冠状病毒感染的肺炎疫情。  据长江日报报道，1月20日，武汉市召开新型冠状病毒感染的肺炎疫情防控指挥部工作会议，省委副书记、市委书记马国强，市委副书记、市长周先旺出席会议。即日起，武汉市成立市新型冠状病毒感染的肺炎疫情防控指挥部，统一领导、指挥全市疫情防控工作。周先旺任指挥长。  指挥部工作会议指出，当前，新型冠状病毒感染的肺炎已纳入乙类传染病、采取甲类管理。确保疫情“早发现、早报告、早隔离、早治疗”。要及时公开透明向社会通报疫情态势和防控工作进展，统一发布权威信息，普及防控知识，最大限度消除社会恐慌。要启动战时值班备勤机制，对思想不重视、责任不落实、工作不到位、造成不良影响的依纪依规严肃追责问责。
网站,提醒|确诊219例，权威专家：春运期间这样防新型冠状病毒,截至20日18时，我国境内累计确诊新型冠状病毒肺炎病例219例。  数据截至1月20日18时  中国以外地区确认新型冠状病毒感染肺炎病例4例（日本1例，泰国2例，韩国1例）。中国香港、越南、新加坡等地也出现疑似病例，其中香港疑似病例数累计达到90例。  正值春运，大规模人群流动是否会导致疾病蔓延？如何预防新型冠状病毒感染？记者第一时间采访相关权威专家，针对大众关心的问题逐一解答。  受访专家  著名呼吸病学专家、解放军总医院呼吸科教授 刘又宁  中国疾病预防控制中心流行病学首席科学家 曾光  首都医科大学附属北京佑安医院感染一病房主任、主任医师  郭彩萍  北京大学基础医学院免疫学系教授、病原与免疫综合实验室主任  王月丹  新型冠状病毒5大疑问  1  此次疫情大规模流行的可能性大吗？  不会大范围散播，但春运的确会增加防控难度。  著名呼吸病学专家、解放军总医院呼吸科教授刘又宁表示，就目前掌握的资料来看，新型冠状病毒已具备致死性，虽然尚不能确定致死率，但其高危性或许低于SARS病毒，处于可防可控的状态。  郭彩萍强调，目前确诊的绝大多数是“武汉相关”的输入性病例，尚未发现明显的输入并播散现象，这说明新型冠状病毒并未在全国范围、短时间内播散开，算不上大规模传播。  2  为什么突然增加了这么多确诊病例？  湖北省医疗组专家、武汉市金银潭医院副院长、主任医师黄朝林在答记者问时说：“武汉市不明原因的病毒性肺炎被确定为新型冠状病毒感染所致后，国家相关科研机构迅速研发出病毒核酸检测试剂盒，随后进行技术优化。1月16日，湖北省疾病预防控制中心收到国家下发的试剂盒后，开始对武汉市送检的不明原因的病毒性肺炎患者标本进行病原学检测。”  核酸检测试剂盒能通过PCR的方法快速确定病例的样品中是否有特定的基因序列的存在，针对不同的病毒，可以开发不同的核酸检测试剂盒。但是这种检测需要建立在已知病毒的基础上，也就是说，已知的病毒相当于有了身份证，病例的样品只要一对比就可以判断。本次的病原体是新型冠状病毒，由于之前没有出现，我们没有它的“身份证”，所以无法快速判断。  近日，国家相关科研机构迅速研发出病毒核酸检测试剂盒，湖北省疾病预防控制中心收到国家下发的试剂盒后，开始对武汉市送检的不明原因的病毒性肺炎患者标本进行病原学检测，这才出现了“突然这么多病例”的情况。  3  病毒会在人与人之间传播吗？  国家卫健委高级别专家组组长、中国工程院院士钟南山表示，95%以上病例都跟武汉有关系，去过武汉，从武汉来，这是一个特点。第二个特点就是目前已经证实了有人传染，是在两个地区，一个在广东，一个在武汉。第三个特点也证实了有医务人员的感染。  4  新型冠状病毒的危害性究竟多大？  这次发现的新型冠状病毒与SARS冠状病毒和MERS冠状病毒有很大不同。新型冠状病毒虽然是SARS近亲，但还未表现出SARS那么可怕的特性。  早年参与过SARS防治研究工作的流行病毒学家王培忠表示，“学界判断一种病毒的危害性时，一般考虑两方面因素，一是致死率，二是传染性。相比SARS，2019-nCoV在这两方面都比较温和。”  5  如果不幸感染，会有什么症状？  郭彩萍表示，如果仅从现在定义的急性呼吸道传染病推断，飞沫传播应该是主要途径。  一般症状：发热、乏力、干咳、逐渐出现呼吸困难。部分患者起病症状轻微，可无发热。  严重者：急性呼吸窘迫综合征，脓毒症休克，难以纠正的代谢性酸中毒出凝血功能障碍。  多数患者为中轻症，预后良好，少数患者病情危重，甚至死亡。  春运路上如何严防感染？  春运途中：   戴口罩、勤洗手  1  制订行程避免颠簸   制订行程时，尽可能避免多次转车，要保证足够的休息时间，否则疲劳导致机体免疫力下降，无法抵抗病毒侵袭。  2  旅途中注意添衣保暖   提前查阅当地、目的地的气温，以便准备合适的衣物。而且室内外、车厢内外的温差较大，更要及时调整衣物，以免感冒。  3  佩戴N95口罩/医用外科口罩   戴口罩是阻断呼吸道分泌物传播的有效手段。如果发现周围有呼吸道传染病症状的患者，比如咳嗽、打喷嚏，最好戴上口罩。  口罩佩戴时，要将折面完全展开，将嘴、鼻、下颌完全包住，然后压紧鼻夹，使口罩与面部完全贴合。  戴口罩前应洗手，或者在戴口罩过程中避免手接触到口罩内侧面，减少口罩被污染的可能。  N95口罩  医用外科口罩  4  用香皂勤洗手  尽量用香皂勤洗手，如果条件不允许，可准备消毒湿巾或免洗洗手液。  春节期间：  食物做熟，少去拥挤的地方  春节期间大家免不了走亲串友，此时应尽量做到：  最好少去人群拥挤的地方，或记得戴上口罩。  外出归家后，尽快清洗双手，避免将病原体带给家人。  不要吃未经检疫的野生动物、生鲜等食品，比如路边摊售卖的肉食。  很多野生动物都可能携带病原体，成为某些传染病的传播媒介，果子狸、蝙蝠是冠状病毒的常见宿主，不要为了“尝鲜”而冒险。  在外旅行者也不要触碰野生动物，尤其是蝙蝠、土拨鼠等啮齿类动物，以免感染人畜共患病。  WHO发布新型冠状病毒防护指南  来源：人民日报、生命时报（ID：LT0385），记者：张芳、鲍捷、高阳 、王冰洁 、张筱悦、李爽、张健，综合：世界卫生组织、湖北省卫生计生宣教中心
网站,美团针对新型冠状病毒肺炎疫情推出旅行订单退改政策,原标题：美团针对新型冠状病毒肺炎疫情推出旅行订单退改政策 来源：界面新闻  1月21日，美团针对新型冠状病毒肺炎疫情推出旅行订单退改政策，具体如下：  1.即日起至1月31日，通过美团、大众点评预订的武汉市酒店、民宿、景区门票、度假的订单，均可联系客服免费取消。  2.被确诊为新型冠状病毒肺炎或因疑似新型冠状肺炎被机场、港口、车站隔离劝返的用户，以及作为密切接触者的同行人，可免费取消通过美团、大众点评预订的酒店、民宿、景区门票、度假的订单。  3.针对已预订但未出行旅客的退票、改签需求，美团将与航空公司等产品提供方沟通，协助用户进行机票退改签服务，火车票也将和铁路部门的退改签政策保持一致。
网站,武汉实施进出武汉人员管控 设2000张床位用于集中收治,网络图片【香港商報網訊】 据人民日报消息，记者从武汉市卫健委获悉：为坚决遏制新型冠状病毒感染引起的肺炎疫情扩散，武汉市对进出武汉人员加强管控。武汉市旅游团队不组团外出，公安交管部门对进出武汉的私家车辆进行抽检，检查后备箱是否携带活禽、野生动物等。武汉加强了对公共场所及公共交通的管理，自1月14日起，在机场、火车站、长途汽车站、客运码头迅速安装红外线测温仪35台，配备手持红外线测温仪300余台，各区正在陆续加大配备力度；在“三站一场”设置体温检测点、排查点，加强离汉旅客体温检测工作；对出现发热的旅客进行登记、发放宣传册和口罩、免费办理退票或改签手续、指导转诊到辖区医疗机构，并进行登记报告。1月19日，武汉再次部署出境离汉人员检测排查工作。同时，对市内公共交通工具强化进行“日消毒”和“每班次通风”。  网络图片继续加大华南海鲜批发市场休市后管控力度，24小时管控市场及其周边出入口。加大农（集）贸市场及各类经营场所排查，开展卫生学调查和流行病学调查，对发现病例集中隔离治疗，对密切接触者进行医学观察。武汉制定诊疗方案 设2000张床位用于集中收治 据央视新闻消息，记者从武汉市获悉，目前武汉市按照国家、省、市联合制定的诊疗方案，集中患者、集中资源、集中专家、集中收治。3家定点医院设置床位800张用于收治病人，其他直属医疗机构为配合患者救治，将于近期腾出1200张床位用于患者救治。武汉天河机场安装新型红外测温仪 据@武汉发布1月21日消息，天河机场、武汉站等枢纽加装新型红外测温仪，一秒测出体温异常。无须一一检测，高德的IR236系列红外人体温度快速筛检仪，高高竖起的摄像头闪烁，进出的春运人群没有阻滞，而摄像头下的电脑形成的红外成像正在不停工作。据了解，该仪器可以直接发现人群中体温异常者，高德红外董事长黄立介绍，“哪怕是隔几百米，一秒钟内就能测出谁的体温有异常”。目前，超过50台最新型号的快速筛检仪，已在包括武汉天河机场、武汉站等地安装。武漢旅游惠民活動延期 武汉欢乐谷去年的火龙钢花表演。来源：武汉市文旅局微信公众号武漢市文化和旅游局僅发放一天的“惠民券”就被緊急通知延期。1月21日早，武漢市文旅局发布消息稱：按全市統一部署，“濃濃中國風，暖暖江城情”2020春節文化旅游惠民活動延期舉行，由此造成的不便敬請諒解。1月17日，武漢市文旅局发布消息稱，將從1月20日起，由武漢市文旅局主辦的“濃濃中國風，暖暖江城情”2020春節文化旅游惠民活動即將啟動，免費送出20萬張文旅惠民劵，可通過微信公眾號預約，預約時間為1月20日-1月24日（每天9:00-24:00），景區參觀時間為1月25日-2月8日。新型肺炎納入乙類傳染病、甲類管理 與“非典”同級 据新华社报道，國家衛健委发布1號公告，根據《傳染病防治法》的相關規定，基于目前對新型冠狀病毒感染的肺炎的病原、流行病學、臨床特征等特點的認識，報國務院批准同意，國家衛生健康委決定將新型冠狀病毒感染的肺炎納入法定傳染病乙類管理，采取甲類傳染病的預防、控制措施。新型冠狀病毒感染的肺炎納入法定傳染病管理，各級人民政府、衛生健康行政部門、其他政府部門、醫療衛生機構可以依法采取病人隔離治療、密切接觸者隔離醫學觀察等系列防控措施，共同預防控制新型冠狀病毒感染的肺炎疫情的傳播。新型冠狀病毒感染的肺炎疫情防控工作電視電話會議20日在京召開。中共中央政治局委員、國務院副總理孫春蘭出席會議並講話。她強調，要深入貫徹習近平總書記重要指示精神，落實李克強總理批示要求和國務院常務會議部署，壓實屬地防控責任，強化防控措施落實，切實保障人民群眾健康，維護正常生產生活秩序。孫春蘭指出，疫情发生以來，有關部門和地方認真貫徹党中央、國務院決策部署，加強聯防聯控，較短時間內查明病原，積極救治患者，防控工作有序展開。同時要看到這是一種新发傳染病，隨着診斷方法的建立、診斷試劑的優化、監測范圍的擴大，報告病例數增加，加上春運人員的大范圍流動，防控形勢出現新變化。要加大防控力度，防止疫情擴散蔓延。孫春蘭強調，新型冠狀病毒感染的肺炎已納入乙類傳染病、采取甲類管理，各地要落實政府責任、強化屬地管理，依法落實疫情監測、隔離救治、檢驗檢疫等各項防控措施。目前確診的病例大都與武漢有關，武漢要采取更嚴格的舉措，內防擴散、外防輸出。加強防控技術科研攻關，堅持中西醫結合，盡快明確診療程序、有效治療藥物、重症病人搶救措施。要嚴格零報告制度，公開透明发布信息，普及防控知識，做好與國際社會溝通合作。乙類傳染病甲類管理是啥意思？疾控專家詳細解讀 據長江日報-長江網報道，針對上述重要指示，武漢市衛生健康系統作出了詳細解讀和積極回應。武漢市疾病預防控制中心專家金小毛介紹，根據《中華人民共和國傳染病防治法》（下稱“《防治法》”）規定，傳染病分為甲類、乙類和丙類。甲類傳染病是指：鼠疫、霍亂；乙類傳染病是指：傳染性非典型肺炎、艾滋病、病毒性肝炎、脊髓灰質炎、人感染高致病性禽流感等；丙類傳染病是指：流行性感冒、流行性腮腺炎、風疹等。武漢市衛生健康委相關負責人表示：“既然是甲類管理，武漢市在疫情控制方面，將參照《防治法》對甲類傳染病的防治措施。”一是對病人、病原攜带者，予以隔離治療，隔離期限根據醫學檢查結果確定；二是對疑似病人，確診前在指定場所單獨隔離治療；三是對醫療機構內的病人、病原攜带者、疑似病人的密切接觸者，在指定場所進行醫學觀察和采取其他必要的預防措施。武漢市在新型冠狀病毒感染的肺炎預防方面，將嚴格按照《防治法》要求，在政府指導下組織開展群眾性愛國衛生運動，進行預防傳染病的健康教育，加強環境衛生整治。金小毛呼籲：“傳染病的防治需要防治結合、分類管理、依靠科學、依靠群眾。基層醫院是早发現、早報告、早隔離、早治療的第一關，建議市民出現发熱、咳嗽等症狀就近到基層醫院就診，做好個人防護。”上海确诊第二例输入性新型冠状病毒肺炎病例 1月21日上午，上海市卫生健康委员会官方微博@健康上海12320发布消息，上海确诊第二例输入性新型冠状病毒感染的肺炎病例。患者为35岁男性，上海市户籍。1月8日晚前往武汉，1月11日返沪后出现发热、咳嗽、流涕等症状，于1月16日在本市一发热门诊就诊后被收治入院隔离治疗。经上海市疾控部门检测，新型冠状病毒核酸检测结果为阳性。经专家评估确认，该病例为新型冠状病毒感染的肺炎确诊病例。目前患者体温正常，生命体征平稳。其密切接触者正在接受医学观察。另外，上海4例疑似病例正在排查中。多地发现新型冠状病毒疑似病例 據廣西壯族自治區衛生健康委員會官方微博@健康八桂 消息，1月19日，北海市发現1名來自武漢的游客出現发熱等症狀，患者已在定點醫院隔離治療，病情穩定，患者同行人員及密切接觸者已實行醫學觀察。目前，患者實驗室檢驗結果正在按國家首例疑似病例確認程序复核中，一旦確認，將及時向社會公布。据山东省卫健委消息，20日，山东省青岛市发现1名来自武汉的疑似新型冠状病毒感染的肺炎病例。目前该患者病情稳定，正在定点医院隔离治疗，密切接触人员已实行医学观察。按规定程序一旦确诊，将及时向社会公布。四川省卫生健康委员会官方微博表示，1月16日以来，四川成都、广安分别发现1例疑似新型冠状病毒感染患者，两名患者均从武汉到四川，目前正在隔离诊疗。患者相关样本已按规定程序进行复核，一旦确诊，及时向社会公布。据贵阳市卫生健康局网站消息，1月21日，贵阳市发现1例疑似新型冠状病毒感染患者。该患者1月12日从武汉返回贵阳，1月21日凌晨，省疾控中心对该患者送检样本的病毒实验室检测显示为新型冠状病毒核酸阳性。省疾控中心已按防控规范，将标本送中国疾控中心复核，并报国家卫生健康委专家组进一步认定。贵阳市卫生健康部门将根据国家专家组认定结果，第一时间向社会公布相关信息。目前，该疑似病例已及时安排进入隔离区就诊。据大连市卫健委21日消息，1月17日，大连市发现1例武汉来连并出现发热等呼吸道症状患者。目前，该患者在该市定点医疗机构隔离治疗，病情稳定。密切接触者正在实行医学观察。患者实验室检测结果正在按规定复核中，一旦确诊，将及时向社会公布。澳大利亞发現一例新型冠狀病毒疑似病例 菲律賓再增一例 据央視新聞消息，澳大利亞昆士蘭州一名男子出現新型冠狀病毒肺炎類似症狀，目前已被隔離。昆士蘭州政府官員表示，正在等待對這名患者進一步檢查的結果。據介紹，這名男子剛從武漢探親回來。菲律賓衛生部今天也宣布，他們正在對一名5歲兒童進行檢查，這名兒童從武漢抵達菲律賓後，出現发燒和咳嗽的現象。目前，菲律賓共計出現4起疑似病例。此前，菲律賓阿克蘭省衛生部門稱該省出現3起疑似病例，均是飛往長灘島的中國游客。另外，據韓聯社報道，韓國疾病管理本部21日表示，20日被確診為韓國首例新型冠狀病毒感染肺炎的患者目前狀態良好，韓國疾病管理本部正在對其進行深度流行病學調查。1月20日，仁川醫療中心急診室入口貼着有關武漢肺炎疫情的提醒指南。當天，一名中國籍女性被確診感染新型冠狀病毒肺炎，該患者正在仁川醫療中心負壓病房接受隔離治療。韓聯社泰国、美国对来自武汉的乘客升级检疫措施 据微信公众号“领事直通车”消息：近期，泰国已在清迈、普吉、廊曼、素万那普等机场加装红外线体温监测仪，加强对来自中国的旅客特别是从武汉直飞泰国旅客的检疫力度，并对出现发热或其他疑似不明原因病毒性肺炎症状的旅客进行隔离治疗。1月17日，美国疾病控制与预防中心宣布，将于即日起在旧金山国际机场、纽约肯尼迪国际机场、洛杉矶国际机场对武汉赴美（包括直航、非直航）旅客升级检疫措施。媒体质疑武汉市为何不及时通报15名医护人员感染 新型冠状病毒肺炎疫情持续扩散，直到今日凌晨，武汉市卫健委才通报，武汉市目前共有15名医务人员确诊为新型冠状病毒感染的肺炎病例，另有1名为疑似病例。16例患者中，危重症1例，其余病情稳定，均已隔离治疗。媒体质疑武汉市政府这么重要的信息，为什么不早点通报？中央政法委长安剑发文指出，防控疫情、杜绝谣言、消除恐慌，人民的利益永远是第一位的!让信息公开更积极，彰显的同样是党和政府一切为人民的赤子之心。文章称，是否能在下步工作持续做到信息公开，全国上下的眼睛都紧紧盯着——“把人民放在心中最高的位置”不是一句口号，而是行动，这场猝不及防的疫情将成为炼金的烈火;能不能把习总书记的重要指示落到实处，坚决做到“两个维护”，这场全社会关注的较量将成为淘沙的大浪。文章强调，谁把政客的面子，看得比人民利益还重，谁就是党和人民的千古罪人。谁为了一己之利，刻意迟报瞒报，谁就将永远被钉在历史的耻辱柱上。环球时报总编辑胡锡进在其微博发文质问，这么重要的信息，为什么不早点通报？如果钟南山昨晚不说医务人员被感染，是不是武汉市卫健委会继续隐去这个信息？以下为胡锡进微博全文：武汉市卫健委今天凌晨通报，有15名医务人员感染了新型冠状病毒肺炎。这么重要的信息，为什么不早点通报？如果钟南山昨晚不说14名医务人员被感染，是不是武汉市卫健委会继续隐去这个信息？之所以这个信息重要，因为它是新型肺炎人传人的关键证据之一，而且它从一个侧面展示了新型冠状病毒人传人的强度。我认为，武汉市卫健委的确没有权力把这个信息“淡化”在198名病患者的笼统信息之下。我不认为武汉市像挤牙膏一样向外披露信息的做法是为了哪个官员的乌纱等私利，我更愿意相信他们这样做是出于善意，希望在一些关键问题没有完全确认的情况下维护社会的安宁和信心，他们这期间肯定悄悄地在做着努力。“内紧外松”是一些官员的习惯工作方式。然而在互联网的大众民主时代，人们不接受所谓的“内紧外松”，老百姓有自己独立的判断能力，大家不需要、甚至很抵触自己的生活“被安排”，他们要求在涉及自身利益重大事务的知情权上与官员们是平等的，由他们自主做出如何反应的决定。信息公开，这原本是多么简单的事情，但在我们生活中一再遇到某些官员拖拖拉拉的表现，这个习惯真是要彻底改改了。抗击新型肺炎的大战刚刚拉开帷幕，老胡诚恳希望接下来的信息通报经受住考验，把人们的注意力从微信上的小道消息拉回来到对官方信息的充分信任上。不仅这次新型肺炎，其他的事情也是一样，各省各市把老百姓都当成你们常委会上的列席人员一样去信任吧，那样的话公众一定会向你们回报同样的信任，无论遇到多大的困难，我们都众志成城。在说了这一切之后，我还是要向作为整体的武汉市敬个礼。我也要同时呼吁大家在这个时候支持武汉市，支持武汉卫健委和一线的各大医院。武汉的医护人员现在很英勇，干部们要组织全市的抗新肺炎斗争，也殊为不易。武汉市民们当前的感受可想而知。武汉现在是主战场，希望那里振作，前面的战斗还很长。新京报发表评论称，未通报医务人员被感染，只是人们忧心的问题切面。春节将近、春运已启，作为疫情发源地，当地有关方面在防控方面是否做到了位，无疑是公众关心的问题。民众对疫情严重程度和疫情可能传播的途径、预防应对方法的了解，是否及时和足够？当地在防止疫情扩散方面做了哪些努力？有些问题到底是客观条件所限，还是主观因素所致……这些也需要答案。评论说，这起疫情传播原理和“人传人”等方面的细节尚待澄清，但其源头十分明确，病例高度集中。如果发源地相应防控措施及时、妥善、到位，那也能避免在春运这样的人口大规模流动节点为弥补“大洞”而付出更多，而疲于奔命。鉴于此，就疫情快速扩散等问题，武汉有关方面宜应该做出解释，若其中存在防控不力的责任人，也要坚决追责，用透明的信息通报制度保障民众的知情权。赴武汉行，多家平台公布退改保障政策 据环球网报道，1月21日，天津航空、海南航空、携程、去哪儿、飞猪等官方微博分别发布消息，推出退改保障政策。内容分别如下：天津航空：加盖武汉机场卫生所印章误机证明可免费改期一次或全额退票 据天津航空微博消息：自2020年1月15日起，卫生部门已在武汉天河机场T3 航站楼入口设立体温监测点，对进入航站楼的所有旅客进行体温检测，如发现旅客存在发烧、发热现象，有关部门将对旅客采取临时隔离措施。为方便发热旅客改期或退票，航班日期在2020年1月15日-2月29日，由天津航空实际承运的国内航班，旅客可持加盖武汉天河机场卫生所印章的误机证明文件，办理免费改期一次或全额退票。天津航空微博截图海南航空：发热旅客持相关证明文件，客票可改签或退订 据“海南航空”官方微博1月21日消息，即日起，卫生部门将在武汉天河机场T3 航站楼入口设立体温监测点，对进入航站楼的所有旅客进行体温检测，如发现旅客存在发烧、发热现象，有关部门将对旅客采取临时隔离措施。为方便发热旅客改期或退票，海南航空相关客票退改规定详见下方内容。去哪儿网:至武汉订单可免费取消 去哪儿网针对此次疫情推出退改保障政策：1.被确诊为新型冠状病毒肺炎或因疑似新型冠状肺炎被机场(港口)隔离劝返的用户，以及作为密切接触者的同行人，可免费取消去哪儿网平台预订的度假类产品，损失由去哪儿网承担。2.针对即日起至1月31日春节期间武汉地区酒店、门票、用车订单，去哪儿提供免费取消保障。目前武汉地区多数酒店接受协调，可无损退订;对于无法协调的酒店订单损失，去哪儿将承担损失。3.目前各航司陆续推出针对发热旅客的特殊退改政策，去哪儿网将全力按照航空公司政策为用户协调免费退订或减少损失。(截至1月21日中午已出政策航空公司：南方航空、海南航空、深圳航空、天津航空、昆明航空、贵州多彩航空、西部航空、乌鲁木齐航空、华夏航空、新加坡酷航)4.去哪儿网也将密切关注民航、铁路部门以及各个酒店的退订政策变化，及时响应国家相关部门的要求，第一时间为用户提供保障服务。去哪儿网微博截图飞猪：即日起至1月31日武汉地区的酒店等订单提供免费取消保障 飞猪平台针对新型冠状病毒肺炎疫情退改保障政策：1.即日起至1月31日出行武汉地区的酒店、门票、用车订单，可免费取消。如平台商家无法免费退订，相关损失由飞猪承担。2.机票、铁路、公路订单，依据航空公司及铁路、公路部门发布的特殊退改政策进行。还未发布特殊退改政策的，飞猪将全力与商家沟通，尽力减少用户损失。3.被确诊为新型冠状病毒肺炎或因疑似新型冠状肺炎被机场(港口)隔离劝返的用户，以及密切接触者同行人，可免费取消在飞猪平台预订的全部产品。4.所有奋战一线的医护人员，因本次事件取消休假的，在飞猪预订的所有产品可免费取消。飞猪将及时响应国家相关部门的要求，第一时间为用户提供保障服务。飞猪官微截图携程：即日起至1月31日武汉地区的酒店等订单提供免费取消保障 1月21日中午，携程旅行网官方微博发布消息：针对即日起至1月31日春节期间武汉地区酒店、门票、用车订单，携程提供免费取消保障。具体措施包括：1.被确诊为新型冠状病毒肺炎或因疑似新型冠状肺炎被机场(港口)隔离劝返的用户，以及作为密切接触者的同行人，可免费取消携程平台预订的全部产品，损失由携程承担。2.针对即日起至1月31日春节期间武汉地区酒店、门票、用车订单，携程提供免费取消保障。目前武汉地区多数酒店接受协调，可无损退订;对于无法协调的酒店订单损失，携程将为用户承担。3.针对公共交通(机票、铁路)的各类订单，目前民航及铁路部门暂未推出针对此次疫情的特殊退改政策，对于有退订需求的用户，携程将竭尽全力与航空公司等产品提供方沟通，为用户协调免费退订或减少损失。4.携程也将密切关注民航、铁路部门的退订政策变化，及时响应国家相关部门的要求，第一时间为用户提供保障服务。携程旅行网微博截图
网站,紧急部署疫情防控 多省份党政一把手都动起来了,原标题：紧急部署疫情防控！多省份党政一把手都动起来了来源：北京青年报撰文 | 余辉2020年1月20日，对于新型冠状病毒感染的肺炎防控来说，是具有转折意义的一天。这一天凌晨，北京、广东接连发布新型冠状病毒肺炎情况，这是国内首次在武汉以外的地区确诊这一疾病。当天，高层强势发声，要求“坚决遏制疫情蔓延势头”。在省级层面，已经开始陆续对疫情防控进行部署！李克强请来钟南山和李兰娟1月20日，习近平作出重要指示，强调“必须引起高度重视，全力做好防控工作”“坚决遏制疫情蔓延势头”。李克强主持召开国务院常务会议。会议提到，各相关部门和地方要“全力以赴科学有效抓好疫情防控。”“落实属地责任”。补一句。据中国政府网消息，在当天的国常会议上，列席席位上出现了两张“新面孔”：钟南山院士与著名传染病学专家李兰娟院士。李克强说，“今天我们专门邀请两位专家，就是要从科学角度认真研判，以便更有效地防范应对此次疫情。”当天会议决定，依法将新型冠状病毒感染的肺炎纳入传染病管理，按照多部门联防联控机制和突发公共卫生事件应急预案，进一步做好防控工作。此项议题结束后，李克强特意到会议室外送别两位专家。也是在20日，新型冠状病毒感染的肺炎疫情防控工作电视电话会议在京召开，孙春兰出席会议称，“目前确诊的病例大都与武汉有关，武汉要采取更严格的举措，内防扩散、外防输出。”当天，国家卫健委便召开会议，部署疫情防控。会议提到，“坚决遏制武汉疫情扩散蔓延。强化应急响应，严格落实市场关闭和野生动物管控措施，严格落实机场、车站、码头等体温筛检措施，减少人群聚集性活动。”各省份密集部署防控广东、湖南、四川、陕西、天津等地已经着手部署疫情防控。1月20日，广东省政府召开全省新型冠状病毒感染的肺炎疫情防控工作会议，研究部署疫情防控工作。会议提到，“要保持高度警惕，进一步落实属地责任”。会议称，要全面强化病例的监测筛查。科学规范做好患者隔离治疗工作，落实定点医院，配足医疗救治队伍力量。防止医护人员感染。做好农贸市场管理，取缔违法售卖野生动物行为，严防输入性病例和疫情在本地社区传播。及时发布疫情信息、回应社会关切等。当天下午，湖南省长许达哲主持召开省政府常务会议。会议强调，要坚决贯彻落实中央相关指示精神，实行联防联控，落实应急预案，果断应对和处置疫情，确保有效阻断疫情传播。“尤其是对疑似病例，要第一时间采取隔离措施，对密切接触者实施分类监测管理，坚决防范疫情扩散，切实做到早发现、早报告、早隔离、早治疗和集中救治措施，全力做好新型冠状病毒感染的肺炎疫情防控工作。”同日，四川省委、省政府召开市（州）和省直部门主要负责人专题会议，省委书记彭清华就疫情防控工作作出安排部署。彭清华指出，各地各有关部门要高度重视。绝不允许因防控不力导致疫情蔓延。他提到，“制定省市县三级及与相关地区联动防控方案，在国家有关部门指导支持下，依法规范处置疫情”“及时发布疫情信息，回应群众关切，确保社会大局稳定”。另外，陕西也已经采取了行动。据陕西省卫健委消息，陕西省委书记胡和平、省长刘国中专题研究该省防控工作，要求全省高度重视，周密安排部署，做好工作预案，及时有效应对，加强疫情防控工作。截至2020年1月20日，陕西省尚无可疑病例报告，一旦出现将及时向社会公布。1月20日晚，天津市委书记李鸿忠主持召开专题会议。会议强调，“密切关注疫情走势，坚持底线思维，保持警醒、严阵以待，完善相关应对方案，以最高等级、最严密措施有效防控。”会议称，启动应急响应机制。做好人员、工作、物资、医疗等方面的充足准备，满足疫情处置需要，立足于抓早，早发现、早报告、早隔离、早治疗，加强口岸管控，密切人员聚集场所监测，加强应急联动，强化专业指导，规范处置流程，做好联防联控。能不到武汉去就不去武汉的防控也在持续从严。1月20日，武汉市召开新型冠状病毒感染的肺炎疫情防控指挥部工作会议，省委副书记、市委书记马国强，市委副书记、市长周先旺出席。据《长江日报》消息，即日起，武汉市成立市新型冠状病毒感染的肺炎疫情防控指挥部，统一领导、指挥全市疫情防控工作。指挥部下设应急保障、宣传、交通、市场、医疗救治、疫情防控、社区、综合等8个工作小组。周先旺任指挥长。会议要求，加强农（集）贸市场及各类经营场所监管力度，把好相关市场关闭、野生动物管控和机场、车站、码头等体温筛检关口，尽量减少或取消一切不必要的大型公众集会。“对思想不重视、责任不落实、工作不到位、造成不良影响的依纪依规严肃追责问责。”就在今天下午，武汉卫健委再发布重磅消息：  武汉市对进出武汉人员加强管控。  武汉市旅游团队不组团外出，公安交管部门对进出武汉的私家车辆进行抽检，检查后备箱是否携带活禽、野生动物等。补一句。昨天，国家卫健委高级别专家组组长钟南山院士在接受采访时说，就流行病学的状态，现在是在起始阶段。“武汉减少输出是非常重要的一方面，除非极为重要的事情，一般不要去武汉。其次是输出，另一个就是防止外面的感染。武汉应该有一个比较严格的口岸检查，应该设立火车站、机场筛查检测这样一个措施。监测防控的标准，首先还是体温，要是有些发烧、发热症状，特别是有体温不正常的，我们建议这些人应该被强制性地控制在本市，这是一个很重要的点。”国家卫健委高级别专家组成员曾光说，我们希望人群现在能不到武汉去就不去，武汉人能不出来就不出来。这不是官方的号召，是我们专家组的一些建议。资料 | 各省党报  新华社 人民网等  责任编辑：赵慧芳
网站,投资者提问：董秘您好，针对目前的新型冠状病毒肺炎，请问公司是否有消毒液产品...,投资者提问：  董秘您好，针对目前的新型冠状病毒肺炎，请问公司是否有消毒液产品的生产和销售  董秘回答(锦鸡股份SZ300798)：  尊敬的投资者，您好！公司主营业务为染料的研发、生产和销售，没有消毒液产品。谢谢关注！  免责声明：本信息由新浪财经从公开信息中摘录，不构成任何投资建议；新浪财经不保证数据的准确性，内容仅供参考。
网站,世卫组织：尚无明确证据表明持续人传人，正密切监测,新京报讯（记者 王洪春）今日（1月21日）凌晨，世界卫生组织就新型冠状病毒（2019-nCoV）感染的肺炎疫情回应新京报记者称，目前有证据表明存在有限人传人的情况，尚无明确证据表明持续人传人。长期研究病毒性新发性传染病的香港大学公共卫生学院副教授朱华晨向新京报记者介绍，“有限人传人”是指病毒传一两代就断了，不会继续传下去。如果病毒可以连续传几代，比如A传给B，B又传C，C又传D，就是“持续人传人”。她表示，根据目前公布的信息，可以确定人传人，“但还没有看到连续几代地传，也没有明显呈级数增长的传播链条。”世卫组织方面表示，目前新型冠状病毒的来源、传播方式、临床特征及扩散程度仍无明确结论，世卫组织正与中国、泰国、日本等有关部门合作，密切监测相关问题。1月20日上午，武汉华南海鲜市场内，多身穿白色防护服的工作人员正在进行防疫工作。新京报记者 游天燚 摄 尚未确定传染源，世卫组织建议继续提高警惕据权威部门披露，截至1月20日20时，我国境内累计确诊新型冠状病毒肺炎病例218例（武汉198例，北京5例，广东14例，上海1例）。1月21日早上，上海市卫健委宣布该市确诊第二例输入性新型冠状病毒感染的肺炎病例。境外方面，20日下午消息称，日本通报确诊病例1例，泰国通报确诊病例2例，韩国通报确诊病例1例。1月20日，国家卫健委高级别专家组组长、中国工程院院士、国家呼吸系统疾病临床研究专家钟南山接受媒体采访时表示，根据目前的资料，可以证实新型冠状病毒肺炎存在人传人现象。他介绍，广东有2个病例，没去过武汉，但家人去过武汉后染上了新型冠状病毒肺炎，“现在可以说，肯定有人传人现象。”新京报记者注意到，广东14例确诊病例中，珠海3例系一家三口。根据珠海市卫生健康局1月20日晚间发布的通报，父亲（78岁）、母亲（76岁）及女儿（49岁），父母亲于1月11日自武汉乘坐高铁到珠海女儿家，1月15日父亲感到不适就诊，1月17日初步诊断为新型冠状病毒感染的肺炎疑似病例，转送到中大五院隔离治疗，母亲及女儿先后出现发热等症状，18日由医学观察转隔离治疗，后确诊。此外，钟南山还表示有14名医务人员感染。“围绕一个感染者病例，因为护理各方面（情况），有医务人员感染。”今日凌晨1时许，武汉市卫健委在微博发布消息称，该市共有15名医务人员确诊为新型冠状病毒感染的肺炎病例，另有1名为疑似病例。16例患者中，危重症1例，其余病情稳定，均已隔离治疗。1月20日晚间，世卫组织发言人Tarik Jasarevic在回应新京报记者采访时表示，关于最近几天报告的新病例，世卫组织方面表示并不意外，“这是卫生部门加强对呼吸道疾病患者的搜索和检测的结果。考虑到检测的加强和出行的增加，未来几天或几周内可能会报告更多的新病例。”世卫组织方面强调，中国已在病毒防控方面取得进展，快速查明病原体和共享病毒基因序列，使其他国家能够快速诊断潜在的新病例。目前中国已加强对呼吸道疾病患者的搜索和检测，世卫组织也正与中国、泰国、日本等有关部门密切合作。但目前仍有诸多未知之处，病毒的来源、传播方式及扩散程度等仍无明确结论，“这些都是世卫组织密切监测的问题。在确定传染源之前，建议继续提高警惕。”  1月20日，首都国际机场T3航站楼，戴口罩的旅客。 新京报记者 李凯祥 系有限人传人，尚无明确证据表明持续人传人1月21日凌晨，世卫组织发言人Tarik Jasarevic在回应新京报记者进一步采访时表示，根据世卫组织收到的最新信息及其分析，目前有证据表明存在有限人传人的情况，“这与其他呼吸系统疾病，特别是其他冠状病毒的爆发经验一致。”但其同时强调，目前尚无明确的证据表明持续人传人。“我们目前还没有足够的信息来了解人传人的程度，这也是世卫组织正密切监测的问题之一。”世卫组织方面介绍，人传人是指人们在接触被感染者的体液（血液、粪便、尿液、唾液、精液）后被感染，通常是通过照顾被感染者而受感染。持续的人传人意味着病毒在人群中传播，易于从一个人传播到另一个人，并进一步传播，且不局限于诸如家人或同事此类一起居住或工作的人。  武汉协和医院发热门诊外排着长队。新京报记者海阳 摄 判断病毒是否具备人传人的能力，需要通过流行病学特征与接触史、病毒序列特征与进化关联性，以及人群的传播模型进行分析。长期研究病毒性新发性传染病的香港大学公共卫生学院副教授朱华晨，此前接受新京报记者采访时介绍，通常来说，如果出现家庭聚集性病例、医院内感染，或者是社区性暴发，就要高度怀疑是人传人的可能性了。朱华晨表示，根据目前公布的信息，可以确定武汉新型冠状病毒可以人传人，“比如珠海病人中的女儿，但还没有看到连续几代地传，也没有明显呈级数增长的传播链条。”同时，围绕一个感染者病例，有14名医务人员感染，这也是明确的人传人证据。“这个案例，可以说是超级传播者很可能已经出现了。”朱华晨解释，如果一个人直接感染了很多人（如10人以上），这个人可以被定义为超级传播者，俗称“毒王”。但目前还不能完全排除医护间互传。朱华晨表示，接下来还要看能不能“持续传”。也就是说，“要看看这些二代感染者，会不会再去感染其他人。也要看，这些被感染的医务人员，是直接从同一病人那里感染的，还是医护间也有互相传染。”
网站,【新区疾控中心】积极防范，做好应对准备——柳东新区新型冠状病毒感染的肺炎防控培训班顺利举办,新型冠状病毒感染的肺炎是2019年12月在湖北省武汉市发现的，由一种新型冠状病毒引起的发热、咳嗽、胸闷、呼吸困难等呼吸道疾病。世界卫生组织将该冠状病毒命名为2019-nCoV。为切实做好新区新型冠状病毒肺炎疫情防范和应对准备工作，保障人民群众健康安全，2020年1月21日在柳东新区企业总部大楼举办了柳东新区新型冠状病毒肺炎防控培训班。本次培训参会人员为：社会事务局分管领导、工作负责人；党政办相关负责人员；疾控中心主要领导、分管领导及相关工作人员；各乡镇卫生院/社区卫生服务中心的分管领导、医疗组组长、疫情管理人员辖区内各村村医。  会议上社会事务局吕达明副局长、党政办相关负责人农卓伟做了重要讲话，要求各单位务必将人民生命健康放在首位，坚持底线思维，高度重视本次疫情防控工作。疾控中心唐嘉主任对柳东新区新型冠状病毒肺炎防控工作进行了部署：一是医疗机构要做好病例监测工作，每2日1次上报自武汉回来的发热病例就诊记录；二是医疗机构要切实落实传染病预诊分诊、消毒隔离、院感防控等工作；三是各医疗机构要组织一次全员培训，提高肺炎病例的诊断和报告意识；四是各单位应做好疫情应急准备工作；五是做好流行病学调查，疾控中心接到医院报告观察病例后，应于 24 小时内容完成个案调查，并及时进行密切接触者登记  ；六是做好可疑暴露者和密切接触者管理，诊断观察病例后，要组织各社区卫生服务中心、乡镇卫生院开展医学观察，并及时汇总、上报观察情况；七是结合当前春节假期及冬春季传染病流行特点开展传染病防控宣传。疾控中心孔继连副主任等专业人员分别对新型冠状病毒感染肺炎诊疗方案、柳州市新型冠状病毒感染的肺炎防控工作方案、新型冠状病毒感染医院感染防控、新型冠状病毒感染的肺炎病例监测方案、可疑暴露者和密切接触者管理方案、人感染新型冠状病毒肺炎流行病学调查方案等相关防控知识进行了业务培训。  通过本次培训会议使各医疗机构相关人员对新型冠状病毒感染肺炎的诊疗、医院感染防控、病例监测、可疑暴露者和密切接触者管理、流行病学调查等防控知识有了更多的了解和认识，为切实做好新区新型冠状病毒肺炎疫情防控工作，科学、有序落实各项防控措施，保障新区人民群众健康安全，维护社会稳定奠定良好的基础。
网站,口罩需求一夜之间猛增 生产商们如何保障需求？,原标题：口罩需求一夜之间猛增，生产商们如何保障需求？记者：卢奕贝“大公司表示会积极组织生产持续补货，而小企业则已经进入春节假期。”口罩买不到了。武汉新型冠状病毒感染的肺炎疫情连日来持续引发关注，人们的防范措施也随之加强。1月20日晚，国家卫健委高级别专家组组长的钟南山院士在接受央视《新闻1+1》采访时，指出目前新型冠状病毒可确定存在有人传人的现象。他同时表示，从个人预防的角度，戴医用外科口罩是有用的。目前，市面上有棉布口罩、纸口罩、活性炭口罩、海绵口罩、医用外科口罩和N95口罩等多种类别。但能起到预防传染性疾病的功能的只有医用外科口罩和N95口罩。对于口罩的需求一时间激增。叮当快药平台上，1月20日的口罩销量为前一周总和的2倍。在淘宝与京东等平台上，界面新闻搜索口罩关键词，发现3M、霍尼韦尔等知名厂商官方自营店内，N95级别的口罩均已经缺货。虽然其他非官方店铺仍有N95级别口罩在售，但货品并不齐全。有商家在商品图片页面用红色大字写道，“口罩市场货源已面临断货，N95级口罩已无法指定型号，现在随机发货”。微博平台上，“医用外科口罩”关键词在21日上午8点已经冲上了热搜榜第38位，阅读量达1.4亿，阅读趋势方面也由1月19日的8次，飙升至20日的8.3亿。在该话题下，有网友表示口罩现在非常难买，扫了四家药店才买到2盒，也有网友询问自己购买的口罩能不能起到有效防护作用。医用外科口罩在微博上的阅读趋势短期内暴增。  来源：淘宝平台国娟家居专营店此外，由于临近春节假期，许多店铺已经放假，导致无法及时发货，但同时也有商家抓住这一时机，在口罩商品页面明显的位置标注“正常发货” 、“顺丰”等字样。生产制造口罩的公司们也迅速对市场做出反应。3M口罩公司相关负责人对界面新闻表示，虽然无法给出具体的销量变化数据，但是天猫和京东旗舰店其实一直在断货。但3M公司也在持续补货，同时也跟顺丰合作，尽可能在年前给用户发货。奥美医疗（002950）的口罩系列产品包括一次性使用医用口罩、医用外科口罩、N95医用防护口罩等，该公司1月20日在互动平台表示，近期口罩订单数量有显著上升趋势，公司正积极组织生产，保证市场尤其是医院市场的产品供应。甚至日本公司也启动了应急措施。日本厚生劳动省1月16日发布消息称，在日本发现了中国出现的新型冠状病毒导致的肺炎患者，零售店的口罩订单激增。日本口罩品牌尤妮佳当天表示，将在多家在多家日本国内工厂启动夜间生产，17日由仅限白天的常规生产改为24小时生产。同时，由于农历春节即将到来，尤妮佳还将应对中国人回国时的口罩需求扩大。然而，虽然大公司们能及时组织补货生产，但许多中小型工厂由于春节放假，并不能及时应对。扬州亚申科技有限公司便是一家中小型口罩生产商，相关负责人对界面新闻表示，目前该公司已经进行春节放假，工人已经回家，并不会继续组织补货生产。口罩迅速成为大家争相抢购的商品，也因为它确实能对个人防护起到作用。所以医用外科口罩和N95口罩需求瞬间爆发。医用外科口罩一般用于医疗门诊、实验室、手术室等高要求环境，为医护人员工作时所佩戴的口罩。安全系数相对较高，对于细菌、病毒的抵抗能及较强。医用外科口罩也可用于防流感。而N95口罩的最大特点就是可以预防由患者体液或血液飞溅引起的飞沫传染。飞沫的大小为直径1至5微米。根据美国职业安全与健康管理局（OSHA）针对医疗机构的规定，暴露在结核病菌下的医务人员必须佩戴N95标准以上的口罩。不过口罩并不一定要戴N95，钟南山院士表示，“因为病毒并不是单独地存在，而是常常存在飞沫里头，戴一般的医用外科口罩还是能够阻挡大部分黏在飞沫上的病毒，防止其进入呼吸道。”  点击进入专题：  武汉发生新型冠状病毒肺炎  责任编辑：范斯腾
网站,新型冠状病毒阴影之下 “最强春节档”前景不明,原标题：新型冠状病毒阴影之下 “最强春节档”前景不明记者：刘睿欣戴天文“疫情对于票房的影响是肯定的，但业界还处在观望状态。”大年初一将近，2020年的电影市场之战似乎一触即发。今年的春节档电影“种子选手”云集，囊括了灾难救援、传记、反恐、神话、喜剧、冒险等题材。一位传媒行业券商分析师在接受《证券日报》记者采访时曾表示，“2020年春节档，无论从质量还是营销方面都可圈可点，业内给予超高预期，有望刷新纪录。”大众的期待也在1月17日上午10时转化为市场反馈。春节档预售统一开启时，各影片的预售票房便持续走高，形成“一超多强”的格局。其中《唐人街探案3》预售票房超过2亿元，是业内预期的票房冠军种子选手，拓普数据给出的预测票房达45亿。电影背后的万达影视，联合出品方、发行方淘票票影视同样也被寄予厚望。受到《唐探3》的强势影响，《囧妈》《夺冠》《熊出没·狂野大陆》多部春节档影片于1月21日宣布“抢跑”至除夕（1月24日）上映，徐峥在微博中表示，此举“的确是为了提升假期的票房”，“希望这是个好年的开端”。  徐峥微博截图但谁也没有想到，打败他们的不是对手，也不是提档，或许是来势汹汹的病毒。受到疫情影响，1月20日，《唐人街探案3》出品方万达电影放量跌停，截至收盘，该股报19.73元/股，全天成交额14.3亿元，换手率4.01%。参与《囧妈》保底发行的横店影视跌幅超10%，报18.16元/股。中国电影跌超7%，唐德影视跌超5%，光线传媒、当代明诚、华录百纳等A股市场影视板块的个股纷纷走低。1月21日开盘，横店影视持续走低，截至10点30分报价17.23每股。万达影视虽有小幅上扬，但截至10点30分涨幅仅有0.5%。而在此之前，万达电影曾在两个月时间内从每股13.85元涨至22.7元，涨幅接近65%。除了资方市场，电影的预售票房走势也受到较大影响。根据灯塔专业版数据，《唐人街探案》1月20日后首映日预售票房爬升速度大幅减缓。《囧妈》也呈现相似态势，21日新增预售票房仅64.66万。两部电影也在上映前出现退票现象，大年初一（1月25日）当天，《唐人街探案》用户退票率达到1%，《囧妈》达到1.1%。网络上也有不少观众抱怨“特惠票不能退”，只能到影院现场排队退票。微博网友LocalForeigner感慨：“崩溃了，这种情况跑去电影院跟无数陌生人共同呼吸俩小时不是自杀吗？春节档预售票能退票吗？”几家大型宣传公司的人也对界面文娱表示，疫情完全属于不可控的“天灾”。病毒的确会对票房产生影响，但他们目前还处于观望状态。  数据来源：灯塔专业版作为相对密封空间，电影院本身就具备传染的多方面条件。公共场所、人多集中、空气不流通等特点不利于呼吸道传染病的控制和防范。我国在流感疫情的历史上，就曾出现让人流密集的电影院和剧场强制歇业、个别学校停课的情况。而根据1月20日晚间国家卫建委高级别专家组组长钟南山院士对“新型冠状病毒感染肺炎疫情”的回应，目前病毒感染正在爬坡阶段，且有人传人的感染途径。对于春节档的合家欢电影来说，带小孩的家庭或许会受到较大影响。全国最大院线万达的某影院经理也告诉界面文娱记者，目前影院方正就疫情对院线的影响进行研究，预计在今天之内拿出解决方案。但他也指出，影院方所能提供的十分有限。界面文娱认为，影院并非公共机构，不具备其他人流密集场所的防治条件。此外，新型冠状病毒的传播途径、典型发病症状以及持续人传人的风险还不明晰，影院很难得出具体有效的解决结论。且影院利润低，不可能大规模地提供口罩、温度计、消毒水等物品供防护。目前看来，在春节档影片“哑火”的情势下，几家主流视频网站和短视频APP或许会意外成为这个春节的赢家。根据2019年的数据，国内视频网站的会员总数（未去重）已经超过2亿，且用户付费比例很高，足以接纳和消化春节档电影的观众。尽管几家视频网站此前并未铺开头部剧集，但腾讯视频的《将夜2》、《三生三世枕上书》，爱奇艺的《爱情公寓5》、《唐人街探案》以及优酷的《乡村爱情12》等具备留存受众和合家欢性质的剧集或许会有较好表现。  《爱情公寓5》今年，短视频平台也纷纷加入了红包大战，或许会进一步刺激用户的增长。微信在微信红包中增加了“用微视发视频红包”的入口。抖音用户完成集卡、红包雨、玩游戏等活动，也可以参与20亿红包的抽奖活动。作为央视2020年春晚独家互动合作伙伴，快手也将在春晚当天发放10亿元的红包。春节的集中性流量，或许会借“红包”辐射至相关的短视频产品。  点击进入专题：  武汉发生新型冠状病毒肺炎  责任编辑：范斯腾
网站,防控武汉肺炎方案下发:发热病人须询问武汉旅游史,原标题：武汉肺炎防控方案下发各地：发热病人须询问武汉旅游史新京报快讯（记者 许雯）“武汉肺炎”疫情仍在持续。记者1月19日从知情人士处获悉，国家卫健委已向全国医疗机构下发新型冠状病毒诊疗防控指南，医院接诊发热病人时，须询问2周内是否有武汉旅游史。患者确诊须同时满足多项条件记者获悉，日前国家卫健委办公厅向各地发出通知，并印发《新型冠状病毒感染的肺炎诊疗方案（试行）》《新型冠状病毒感染的肺炎疫情防控方案》《新型冠状病毒感染的肺炎病例监测方案》等多份新型冠状病毒诊疗、防控方案，以指导各地做好疫情防控。上述防控方案内容详细，内容多达61页，涵盖监测、流行病学调查、密切接触者的追踪和管理、实验室检测等内容。医疗机构如何发现、确诊病例？根据诊疗方案，在病例观察阶段，患者应同时符合以下条件：发病前两周内有武汉市旅游史，或武汉市相关市场，特别是农贸市场直接或间接接触史。临床表现有发热；具有肺炎影像学特征；发病早期白细胞总数正常或降低，或淋巴细胞计数减少；经规范抗菌药物治疗3天，病情无明显改善或进行性加重。确诊病例须满足：在观察病例的基础上，采集痰液、咽拭子等呼吸道标本进行病毒全基因组测序，与已知的新型冠状病毒高度同源。发现病例后如何上报，方案也作出明确规定。诊疗方案要求，医疗机构发现符合上述定义的观察病例后立即隔离治疗，2小时内组织院内专家会诊，并报告医疗机构相关部门和辖区疾控中心。湖北省外确诊首例病例须经中疾控复核1月18日起，“深圳、上海发现疑似病例”的消息在网络流传。上海市卫健委对此回应称，将加强对可疑病例筛查，积极防控。记者获得的资料显示，为及时发现全国新型冠状病毒感染疫情，防止疫情扩散，国家卫健委制定了《新型冠状病毒感染的肺炎病例监测方案》。根据病例监测方案，各省首例人感染新型冠状病毒确诊病例须待中国疾控中心实验室复核后，由省级卫生健康部门组织省级专家组，结合病例流行病学史、临床表现等做出诊断。接诊发热患者须询问2周内武汉旅游史接近国家医疗专家组的一位专家告诉记者，目前各省市医疗机构正在组织学习国家卫健委下发的诊疗防控方案。记者注意到，防控方案要求，医疗机构对于不明原因发热、咳嗽等症状的病例，应注意询问发病前14天内的旅行史或可疑的暴露史，了解本人近期有无赴新型冠状病毒感染的肺炎疫情发生地区的旅行史，或哺乳动物、啮齿动物、禽类等，尤其是野生动物的接触史，及其与类似病例的密切接触史。北京一家三甲医院的医生告诉记者，医院已下发诊疗防控方案，并组织全员培训。目前接诊发热患者时须询问2周以内是否有武汉居住或旅游史，以及类似病例接触史。福建省内某家二甲医院院长告诉记者，医院已落实诊疗防控方案要求，进行预检分诊，发热门诊对发热病人会询问武汉旅游史，下一步将按照卫健委及行政部门要求，严格按照流程做好防控。新京报记者 许雯  点击进入专题：   武汉发生新型冠状病毒肺炎 新浪神评局20200120期   责任编辑：张申
网站,中国平安启动特案预赔 积极应对新型冠状病毒肺炎,为积极应对新型冠状病毒肺炎疫情，中国平安旗下寿、产、养、健等子公司，第一时间启动重大公共卫生事件应急预案，开通7*24小时应急联络热线与值班响应机制，开通绿色理赔通道，并启动特案预赔服务，及时为出险客户及家属提供温暖便捷的服务。平安人寿推出7x24小时线上服务与专人理赔辅助指导，开通绿色理赔通道，并启动特案预赔服务，为客户预付赔款，缓解客户就诊资金压力；平安产险成立专项工作小组，取消定点医院限制服务，开通线上理赔绿色通道，对已确定部分损失进行主动预赔，定期主动跟进回访；平安养老险启动重大公共卫生事件应急预案，与当地政府、监管和行协等保持密切联系，并按照要求开展相关工作；平安健康险已启动突发事件应急预案，为出险客户提供便捷理赔服务。中国平安将密切关注事件进展，如查及公司客户出险，将第一时间启动绿色通道，协助客户及家属进行快速理赔，帮助客户度过难关。中国平安温馨提示，冬春季是呼吸道传染病高发季节，也是病毒性肺炎的高发时期。市民朋友要注意防寒保暖、室内通风和个人卫生，加强体育锻炼，保持清淡饮食，避免到人群密集场所活动。密切关注发热、咳嗽等症状，出现此类症状应及时就近就医。
网站,钟南山：新型冠状病毒肺炎“肯定人传人”,对于新型冠状病毒是否人传人的疑问，答案越来越清晰。“肯定‘人传人’。”2020年1月20日，国家卫健委高级别专家组组长、中国工程院院士、呼吸病学专家钟南山说。钟南山表示，判断依据就是目前的资料。他在接受央视《新闻一加一》采访时也举例称，在广东有两个病例没有去过武汉，但他们的家人去了武汉，回到家里，这两个家庭都有人染上了新型冠状病毒。经过基因病毒的检测，是一致的。因此“现在可以说，肯定有人传人现象。”事实上，自从2019年12月31日“不明原因肺炎”由武汉卫健委公开披露以来，病毒是否人传人的答案一直模糊。最早是“没有明显人传人的证据”，而后当境外病例出现，武汉等方面又表示“不排除有限人传人”，“持续人传人风险很低”等说法在不同场合反复被强调。到1月20日感染者急剧增加136人的武汉市最新通报中，“有限人传人”“持续人传人风险低”等说法终于首次退出视野。但究竟有没有人传人？官方并无明确信息。直到学者纷纷质疑最初的结论。关于新型冠状病毒与SARS的区别，钟南山认为，将两者相联系是很自然的。他说，SARS是冠状病毒的一种类型，中东呼吸综合征也是冠状病毒的一种。现在出现的既跟SARS不一样，也跟中东呼吸综合征也不一样，因为它尽管有很多的同源性，但是它（新型冠状病毒性肺炎）是一个跟SARS和中东呼吸综合征平行的、完全不同性质的一个病。钟南山说：“我看过病人发病的情况，白血球的情况，胸片的情况，所以在这个意义上，它们有共性。但是新型冠状病毒的感染，现在还刚刚开始，现在还在爬坡期，所以和SARS相比的话，传染性没那么强，毒力也还没那么大。至于以后会怎么样，现有的病死率不能说明全面（情况），要看它的发展……所以我们还是要提高警惕。”他还表示，未来疫情的发展形势也要具体如何控制，如何减少它的传染。“因为传染的过程也是（病毒）逐渐地适应在人体内的过程，毒力会增加。所以从疾病的严重性和传播力来说，两者还是有差别的。”钟南山分析，这是一个新的疾病，不同之处在于，一开始需要有一个权威的单位来进一步验证，这样的话需要一定的时间，所以在一段时间发病人数的增长是停滞的。他认为该病的发展也受其他因素影响，因为“我是昨天（指1月19日）去武汉的，前天、昨天、今天，情况都有不同”，疾病在局部发展比较快。疾病的源头来自哪里？钟南山说，从流行病学来看，这种肺炎约45%的发病者集中在武汉的两个区，其中有一个比较大的所谓海鲜市场，实际相当多不是海鲜，是野味，病毒通过野生动物传染给人，有比较大的可能。针对如何预防新型冠状病毒，钟南山提醒：一是近期尽量避免前往武汉；二是如果有发热等不适症状，需要立即到医院查看；三是要随时佩戴口罩，但不一定必须是N95口罩。
网站,武汉大型活动延后，旅企启动退改应急预案,日前，武汉市召开新型冠状病毒感染的肺炎疫情防控指挥部工作会议强调，采取更严格的举措，内防扩散、外防输出，防止疫情扩散蔓延，切实保障人民群众生命健康。截至1月21日12:48，我国境内累计报告新型冠状病毒感染的肺炎病例233例，其中确诊病例219例。  临近春节出游，甚至部分游客已经提前出行，目前各大旅企纷纷启动应急预案，对于相关的旅游产品和酒店预订等作出相应的退改策略。而原定的部分武汉地区的大型春节活动也进行了延后。  武汉地区延后部分大型活动   根据武汉市文化和旅游局发布的“2018年春节统计信息”，2018年武汉在春节期间发送人数为232.82万人。之前有互联网企业奇虎360大数据中心所发布2017年春节“空城指数”，武汉排名全国第九。这个“空城指数”是360基于9亿用户春节前夕至除夕的迁徙态势分析而来。据统计，2018年春节全国空城率最高的十大城市分别是东莞、佛山、广州、深圳、长沙、上海、苏州、北京、武汉、郑州。武汉空城率48.18%，也就是说，近一半人口离开这座城市外出过年。  据悉，日前武汉推出主题为“浓浓中国风，暖暖江城情”的2020春节武汉时光活动，从1月20日起，20万张文旅惠民券开放免费预约，成功预约后可于大年初一到十五免费游览黄鹤楼、东湖灯会等文旅景区。1月21日，武汉市文化和旅游局发布消息称，按全市统一部署，“浓浓中国风，暖暖江城情”2020春节文化旅游惠民活动延期举行。截至2020年1月20日24:00，已有33058位市民游客预约成功。  同时，有消息称，武汉市卫健委为坚决遏制新型冠状病毒感染引起的肺炎疫情扩散，武汉市对进出武汉人员加强管控。武汉市旅游团队不组团外出，公安交管部门对进出武汉的私家车辆进行抽检，检查后备箱是否携带活禽、野生动物等。武汉加强了对公共场所及公共交通的管理，自1月14日起，在机场、火车站、长途汽车站、客运码头迅速安装红外线测温仪35台，配备手持红外线测温仪300余台，各区正在陆续加大配备力度；在“三站一场”设置体温检测点、排查点，加强离汉旅客体温检测工作；对出现发热的旅客进行登记、发放宣传册和口罩、免费办理退票或改签手续、指导转诊到辖区医疗机构，并进行登记报告。  1月19日，武汉再次部署出境离汉人员检测排查工作。同时，对市内公共交通工具强化进行“日消毒”和“每班次通风”。  启动旅游退改   第一财经记者采访了解到，面对新型冠状病毒感染的肺炎疫情防控，各大旅游企业也启动了应急预案。  携程表示，被确诊为新型冠状病毒肺炎或因疑似新型冠状肺炎被机场(港口)隔离劝返的用户，以及作为密切接触者的同行人，可免费取消携程平台预订的全部产品，损失由携程承担。针对即日起至1月31日春节期间武汉地区酒店、门票、用车订单，携程提供免费取消保障。目前武汉地区多数酒店接受协调，可无损退订；对于无法协调的酒店订单损失，携程将为用户承担。针对公共交通（机票、铁路）的各类订单，目前民航及铁路部门暂未推出针对此次疫情的特殊退改政策，对于有退订需求的用户，携程将竭尽全力与航空公司等产品提供方沟通，为用户协调免费退订或减少损失。  同程表示，凡此前预订了同程艺龙和同程旅游相关产品的用户，因被确诊或疑似新型冠状病毒肺炎被机场（港口）隔离劝返，以及与其有密切接触的同行用户，同程艺龙和同程旅游承诺将免费为其取消相关产品（范围覆盖机票、酒店、火车票、门票、度假等全平台产品），用户损失由平台承担。此外，在同程艺龙预订的1月21日起至1月31日武汉地区酒店的订单，承诺为用户无损取消，如有损失将由公司承担。上述时间范围内武汉以外区域的酒店，将第一时间为用户协调退改，降低用户损失。  飞猪平台表示，即日起至1月31日出行武汉地区的酒店、门票、用车订单，可免费取消。如平台商家无法免费退订，相关损失由飞猪承担。机票、铁路、公路订单，依据航空公司及铁路、公路部门发布的特殊退改政策进行。被确诊为新型冠状病毒肺炎或因疑似新型冠状肺炎被机场(港口)隔离劝返的用户，以及密切接触者同行人，可免费取消在飞猪平台预订的全部产品。所有奋战一线的医护人员，因本次事件取消休假的，在飞猪预订的所有产品可免费取消。  驴妈妈对于已预订即日起至2020年1月31日武汉地区门票、酒店、跟团游、自由行等产品的驴妈妈游客，可申请全额无损退款，由驴妈妈承担全部损失。对于已预订含武汉为目的地的火车票、机票等各类订单，驴妈妈将和游客、航司保持密切联系，按照铁路局、民航局、航司最新规定和要求，协助用户办理退票或改期。对于被确诊为新型冠状病毒肺炎或因疑似新型冠状肺炎，在机场、火车站、长途汽车站、客运码头等公共交通枢纽被隔离劝返的游客，以及作为密切接触者的同行人，可申请免费取消在驴妈妈平台预订的全部产品，由驴妈妈承担全部损失。  途牛对于截至目前已预订即日起至1月31日春节期间武汉地区酒店、门票、用车产品的游客，途牛提供免费取消保障。途牛将全力协助游客与酒店沟通保障免费退订；对于无法协调的，退订损失由途牛承担。  众信旅游表示，客人如因被确诊为新型冠状病毒肺炎或因疑似新型冠状肺炎，在机场、火车站、长途汽车站、客运码头等公共交通枢纽被隔离或劝返的，以及其密切接触者的同行人，可申请免费取消在众信旅游预订的产品，由众信旅游承担全部损失。  美团旅行微博1月21日宣布，即日起至1月31日，通过美团、大众点评预订的武汉市酒店、民宿、景区门票、度假的订单，均可联系客服免费取消，美团为用户免费取消保障。  文化和旅游部提示，泰国卫生部疾病控制局近期在素万那普、廊曼、清迈、普吉等机场加装红外线体温检测仪，加强对来自中国的旅客、特别是从武汉直飞泰国旅客的检疫力度，并对出现发热或其他疑似不明原因病毒性肺炎症状的旅客进行隔离治疗，请来泰同胞注意泰方有关措施，根据自身健康状况合理安排出行，以免影响个人行程。  责编：乐琰   此内容为第一财经原创，著作权归第一财经所有。未经第一财经书面授权，不得以任何方式加以使用，包括转载、摘编、复制或建立镜像。第一财经保留追究侵权者法律责任的权利。 如需获得授权请联系第一财经版权部：021-22002972或021-22002335；banquan@yicai.com。 返回搜狐，查看更多
网站,澳大利亚发现一例新型冠状病毒肺炎疑似患者,澳大利亚昆士兰州一名男子出现新型冠状病毒肺炎类似症状，目前已被隔离。昆士兰州政府官员表示，正在等待对这名患者进一步检查的结果。据介绍，这名男子刚从武汉探亲回来。(总台记者 林清辉)
网站,多科权威专家：春运如何严防新型冠状病毒,原标题：多科权威专家：春运如何严防新型冠状病毒  2019年末至今，武汉肺炎疫情持续发酵。自1月20日凌晨起，全国多地通报新增病例，随着报告病例数字的上升，公众的神经不断紧绷。   截至20日20时，我国境内累计确诊新型冠状病毒肺炎病例218例。  中国以外地区确认新型冠状病毒感染肺炎病例4例（日本1例，泰国2例，韩国1例）。  20日下午，中国工程院院士钟南山在国家卫健委高级别专家答记者问时表示，根据目前的资料，新型冠状病毒肺炎是肯定的人传人，在广东有2个病例，没去过武汉，但家人去了武汉后染上了新型冠状病毒肺炎，现在可以说，肯定的，有人传人现象。围绕着有新型冠状病毒的病人因为护理各方面，有14个医务人员感染。  习近平对新型冠状病毒感染的肺炎疫情作出重要指示，强调要把人民群众生命安全和身体健康放在第一位，坚决遏制疫情蔓延势头。  正值春运，大规模人群流动是否会导致疾病蔓延？如何预防新型冠状病毒感染？《生命时报》记者第一时间采访相关权威专家，针对大众关心的问题逐一解答。  受访专家  著名呼吸病学专家、解放军总医院呼吸科教授 刘又宁  中国疾病预防控制中心流行病学首席科学家 曾光  首都医科大学附属北京佑安医院感染一病房主任、主任医师 郭彩萍  北京大学基础医学院免疫学系教授、病原与免疫综合实验室主任王月丹  生命时报记者走访京沪医院   1月20日，《生命时报》记者走访北京、上海地区，走访多家医院。针对发热患者，多家医院启动筛查方案，进行人群初筛，积极应对。  下午2点左右，记者在首都医科大学附属北京朝阳医院了解到，从1月20日起，急诊患者就诊需要先填写一份流行病学调查表，排查有无发热、呼吸道感染，近两周内是否到过武汉，以及与武汉来京人员的接触史。陪诊家属也要报告上述情况，并签名、留下联系电话。朝阳医院宣传人员回应，目前医院是按照北京市卫生健康委员会统一部署开展预防控制工作。  在北京地坛医院发热门诊，一位正在发烧的患者告诉记者，今天来医院看病和往常没太大区别，但问诊时医生会询问近期是否去过武汉。  上海华山医院急诊发热预检处也秩序井然，1月20日上午大约有30位发热病人前来就诊。  预检台医生说，前来就诊的病人都会先测量体温、血压等，医生会询问其是否去过武汉，有没有与武汉发热、咳嗽病人接触史等。如果体温在38℃以上，且到过武汉，才会对其进行新型冠状病毒排查，没有到过武汉的按普通发热病人流程处理。  新型冠状病毒8大疑问   关于新型冠状病毒，《生命时报》就大众关心的几个疑问采访了专家。  1 此次疫情大规模流行的可能性大吗？   不会大范围散播，但春运的确会增加防控难度。  尽管与SARS病毒同属一大类，但从已破译的基因序列来看，此次武汉的新型冠状病毒属于另外的亚群分支，在全球已有的基因组数据库中找不到与之相近的数据案例。  著名呼吸病学专家、解放军总医院呼吸科教授刘又宁表示，要衡量一个病毒的危害程度，一看致死率，二看传染性。  就目前掌握的资料来看，新型冠状病毒已具备致死性，虽然尚不能确定致死率，但其高危性或许低于SARS病毒，处于可防可控的状态。  传染性方面，虽未确定传播途径，但其传染力并不强。1月18日和19日突然多出的136例新确诊病例，是指“最新被检测出”，而不是“最新被感染”。   刘又宁说，按照新修订的新型冠状病毒肺炎诊疗方案，各地医务人员已进一步加大了疑似病例筛查力度；国家相关机构也研发出了可以快速检测出该病毒的试剂盒，随着检测手段的普及，这段时间确诊病例可能不断增多，大家要有充分的心理准备。  郭彩萍强调，目前确诊的绝大多数是“武汉相关”的输入性病例，尚未发现明显的输入并播散现象，这说明新型冠状病毒并未在全国范围、短时间内播散开，算不上大规模传播。  2为什么突然增加了这么多确诊病例？   湖北省医疗组专家、武汉市金银潭医院副院长、主任医师黄朝林答在记者问时说：“武汉市不明原因的病毒性肺炎被确定为新型冠状病毒感染所致后，国家相关科研机构迅速研发出病毒核酸检测试剂盒，随后进行技术优化。1月16日，湖北省疾病预防控制中心收到国家下发的试剂盒后，开始对武汉市送检的不明原因的病毒性肺炎患者标本进行病原学检测。”  核酸检测试剂盒能通过PCR的方法快速确定病例的样品中是否有特定的基因序列的存在，针对不同的病毒，可以开发不同的核酸检测试剂盒。但是这种检测需要建立在已知病毒的基础上，也就是说，已知的病毒相当于有了身份证，病例的样品只要一对比就可以判断。本次的病原体是新型冠状病毒，由于之前没有出现，我们没有它的“身份证”，所以无法快速判断。  近日，国家相关科研机构迅速研发出病毒核酸检测试剂盒，湖北省疾病预防控制中心收到国家下发的试剂盒后，开始对武汉市送检的不明原因的病毒性肺炎患者标本进行病原学检测，这才出现了“突然这么多病例”的情况。  3病毒会在人与人之间传播吗？   国家卫健委高级别专家组组长、中国工程院院士钟南山表示，95%以上病例都跟武汉有关系，去过武汉，从武汉来，这是一个特点。第二个特点就是目前已经证实了有人传染，是在两个地区，一个在广东，一个在武汉，证实有人传染。第三个特点也证实了有医务人员的感染，那么这三个情况以及医务人员的感染，最后证实围绕着有新型冠状病毒的病人因为护理各方面，14个医务人员的感染。  钟南山院士表示，出现人传人和医务人员感染的情况，是非常重要的标志。病例数增加较多的原因较复杂。  4新型冠状病毒的危害性究竟多大？   这次发现的新型冠状病毒与SARS冠状病毒和MERS冠状病毒有很大不同。新型冠状病毒虽然是SARS近亲，但还未表现出SARS那么可怕的特性。  早年参与过SARS的防治研究工作的流行病毒学家王培忠表示，“学界判断一种病毒的危害性时，一般考虑两方面因素，一是致死率，二是传染性。相比SARS，2019-nCoV在这两方面都比较温和。”  5如果不幸感染，会有什么症状？   郭彩萍表示，如果仅从现在定义的急性呼吸道传染病推断，飞沫传播应该是主要途径。  一般症状：发热、乏力、干咳、逐渐出现呼吸困难。部分患者起病症状轻微，可无发热。  严重者：急性呼吸窘迫综合征，脓毒症休克，难以纠正的代谢性酸中毒出凝血功能障碍。  多数患者为中轻症，预后良好，少数患者病情危重，甚至死亡。  6 什么样的情况才算密切接触者？   与病例（观察和确诊病例）发病后有如下接触情形之一者：  7国内外专家如何看待这次疫情？   对于中国迅速鉴定出新型病毒并向全球共享相关信息的行为，美国、WHO 等多个国家和组织都表示了感谢和认可。  8目前武汉市采取了哪些应对措施？   湖北省医疗组专家、武汉市金银潭医院副院长黄朝林在1月19日的新闻发布会上说，目前所有确诊者已全部收治在武汉市定点医院，采取一人一医疗团队、一人一诊疗方案，开展规范诊疗。  春节期间，武汉政府会更加严格防范疫情扩散。  1。加强密切接触者管理。对密切接触者实施“一人一档、一区一督导执法”；家属及其他一般人群密切接触者由区疾控中心和社区卫生服务中心入户随访，每日一次。  2。实施联防联控。对出境离汉人员实施管控，在“三站一场”（ 机场、火车站、长途汽车站、客运码头）设置体温检测点、排查点，加强离汉旅客体温检测工作；对出现发热的旅客进行登记、发放宣传册和口罩、免费办理退票或改签手续、指导转诊到辖区医疗机构，并进行登记报告；对市内公共交通工具强化进行“日消毒”和“每班次通风”。  春节期间，按照“非必须，不举办”的原则，加强节假日大型公众聚集性活动的管理，减少大型公众聚集性活动。同时，武汉市各级各类医疗机构发热门诊要对发热病人及时开展检测、排查和对症治疗，及时发现和处置疫情。  湖北省中医院一位工作人员告诉记者，各医院均按照武汉市卫生健康委员会制定的工作流程正常收治病人，就医秩序没有受到影响，前来就诊的患者也没表现出恐慌情绪。  春运路上如何严防感染？   正值春运，火车、飞机上车窗封闭，空气不流通，易于病毒传播。踏上回家的旅程前，大家一定做好充足准备。  目前，医学界还没有针对新型冠状病毒的疫苗或特效药，短时间内无法增强人们对该病毒的免疫力，因此，除了对患者进行隔离治疗外，还要尽可能加强预防。  郭彩萍说，目前无论是治疗、医务人员和民众的防护，还是对新发病例的监测筛查，都借鉴了当年控制SARS的经验，百姓在日常生活中也可以按防范SARS那样进行预防。  春运途中：戴口罩、勤洗手   北京大学基础医学院免疫学系教授、病原与免疫综合实验室主任王月丹表示，具体有以下几点防护措施：  1制订行程避免颠簸   制订行程时，尽可能避免多次转车，保证足够的休息时间，否则疲劳导致机体免疫力下降，无法抵抗病毒侵袭。  2旅途中注意添衣保暖   提前查阅当地、目的地的气温，以便准备合适的衣物。而且室内外、车厢内外的温差较大，更要及时调整衣物，以免感冒。  3佩戴N95口罩/医用外科口罩   戴口罩是阻断呼吸道分泌物传播的有效手段。如果发现周围有呼吸道传染病症状的患者，比如咳嗽、打喷嚏，最好戴上口罩。  选择N95口罩或者医用外科口罩能很好地预防呼吸道疾病。  口罩佩戴时，要将折面完全展开，将嘴、鼻、下颌完全包住，然后压紧鼻夹，使口罩与面部完全贴合。  戴口罩前应洗手，或者在戴口罩过程中避免手接触到口罩内侧面，减少口罩被污染的可能。  分清楚口罩的内外、上下，浅色面为内，应该贴着嘴鼻，深色面朝外；金属条（鼻夹）一端是口罩的上方。  要定期更换、不可戴反，更不能两面轮流戴。  4用香皂勤洗手   尽量用香皂勤洗手，如果条件不允许，可准备消毒湿巾或免洗洗手液。  除了避免被传染，也不能让自己成为传播源。  春节期间：食物做熟，少去拥挤的地方   春节期间大家免不了走亲串友，此时应尽量做到：  很多野生动物都可能携带病原体，成为某些传染病的传播媒介，果子狸、蝙蝠是冠状病毒的常见宿主，不要为了“尝鲜”而冒险。  饲养、宰杀、贩卖野生动物的过程中，人极有可能会接触到带有病原体的动物分泌物，手接触分泌物后，再去接触食物、摸口鼻或者揉眼睛，病原体便可进入人体，使人感染。  在外旅行者也不要触碰野生动物，尤其是蝙蝠、土拨鼠等啮齿类动物，以免感染人畜共患病。  WHO发布新型冠状病毒防护指南   近日世卫组织（WHO）发布了针对疑似新型冠状病毒造成严重急性呼吸道感染的临床管理临时指南。  对照以下指导，帮你降低感染冠状病毒的风险。  对于要出行的公众，香港卫生署建议采取如下防护措施：  内容来源：《生命时报》、世界卫生组织、湖北省卫生计生宣教中心
网站,百年人寿启动突发事件理赔应急处理预案 积极应对新型冠状病毒肺炎,2020年1月20日，国家卫生健康委员会最新消息指出将积极开展新型冠状病毒感染的肺炎疫情防控工作。为积极应对新型冠状病毒肺炎疫情，百年人寿成立应急处置工作组，启动突发事件理赔应急处理预案，推出九大应对服务举措，为客户提供快速、便捷的保险服务。1. 总公司启动应急预案，全力部署21家分公司做好疫情防控及客户理赔服务等工作。2. 多渠道受理报案：为客户提供服务网点报案、微信报案、95542客服专线电话报案服务，提供多渠道、24小时报案受理服务。3. 主动排查客户出险信息，多渠道获取患者人员名单。4. 开通新型冠状病毒肺炎的理赔绿色通道：因本次事件正在进行治疗的客户我们可以提供医疗险直付先赔服务;在本次事件中达到重疾标准的客户可以提供重疾直付服务，保证第一时间完成赔付。5. 对于在本次疫情中达到住院标准的客户，我们将提供包括住院免押金在内的住院全流程资金解决方案。6. 疫情治疗三取消：取消自费药品限制;取消诊疗项目限制;取消定点医院限制。7. 疫情治疗三简化：简化医疗理赔申请资料;简化重疾申请手续;因疫情所致理赔申请采用最简化流程。8. 疫情治疗三减免：客户办理理赔时，免填写理赔申请书。对于保险合同遗失、毁损的情形，公司予以补发，免收工本费。领取保险金时，可以免交账户复印件或根据客户意愿，提供多元化领款方式。9. 与当地政府，卫健委及监管部门保持紧密联系，积极配合政府开展各项应对工作。百年人寿将密切关注事件进展，如查及公司客户出险，将第一时间启动绿色通道，协助客户及家属进行快速理赔，帮助客户度过难关。百年人寿温馨提示，冬春季是传染病高发季节。大家要注意防寒保暖、室内通风和个人卫生;加强体育锻炼;保持清淡饮食;避免到人群密集场所活动;有咳嗽、喷嚏时戴口罩或用纸巾、衣物遮挡口鼻以减少病菌传播;密切关注发热、咳嗽等症状，出现此类症状应及时就近就医。  ：本文仅代表企业观点，与华商网无关。其原创性以及文中陈述文字和内容未经本站证实，对本文以及其中全部或者部分内容、文字的真实性、完整性、及时性本站不作任何保证或承诺，请读者仅作参考，并请自行核实相关内容。
网站,中国再有多省份出现疑似新型冠状病毒肺炎病例,武汉肺炎疫情在中国多省市继续扩散，广西北海、贵州贵阳及辽宁大连今天先后通报出现疑似新型冠状病毒肺炎病例。  据环球网报道，广西北海市19日发现一名来自武汉的游客出现发热等症状，患者已在定点医院隔离治疗，病情稳定。患者实验室检验结果正在按国家首例疑似病例确认程序复核中。  据贵阳市卫生健康局网站消息，贵阳市今天发现一例疑似新型冠状病毒感染患者，患者1月12日从武汉返回贵阳，今天凌晨，贵州省疾控中心对该患者送检样本的病毒实验室检测显示为新型冠状病毒核酸阳性。  另据大连市卫健委今天发布的消息，大连市17日发现一例武汉到大连并出现发热等呼吸道症状患者，已隔离治疗，病情稳定。
网站,飞猪平台公布疫情退改保障政策 相关订单可免费取消,扬子晚报讯（记者 徐晓风）新型冠状病毒肺炎病情牵动人心，飞猪中午在官方微博上宣布平台针对新型冠状病毒肺炎疫情退改保障政策。飞猪称，即日起至1月31日出行武汉地区的酒店、门票、用车订单，可免费取消。如平台商家无法免费退订，相关损失由飞猪承担。  此外，涉及机票、火车票、线路汽车票订单，依据航空公司、12306及公路客运部门发布的特殊退改政策执行。还未发布特殊退改政策的，飞猪将全力与商家沟通，尽力减少用户损失。   被确诊为新型冠状病毒肺炎或因疑似新型冠状肺炎被机场(港口)隔离劝返的用户，以及密切接触者同行人，可免费取消在飞猪平台预订的全部产品。所有奋战一线的医护人员，因本次事件取消休假的，在飞猪预订的所有产品可免费取消。飞猪表示，将及时响应国家相关部门的要求，第一时间为用户提供保障服务。
网站,爱彼迎就新型冠状病毒疫情正式启动房源订单退订的特殊保障政策,针对2020年1月21日-2020年1月31日期间武汉地区的房源预订订单，Airbnb爱彼迎将启动平台的“特殊退订政策”，对房客提供免责取消保障。  Airbnb爱彼迎对于被确诊为新型冠状病毒肺炎或因疑似感染新型冠状病毒被机场、港口、车站等公共机构劝返、隔离的房客或预订同行人，提供房源预订的免责取消保障。  符合以上退订条件的房客，可以通过Airbnb爱彼迎网站、手机APP以及客服电话400-841-8888联系我们的24小时中文客服办理相关的退订手续。  Airbnb爱彼迎将继续密切关注世界卫生组织以及中国有关政府部门发布的通告和信息，持续评估此次特殊退订政策的适用范围，为社区提供及时的保障。
网站,面对新型冠状病毒 多家保险公司出台应急措施,新华网北京1月21日电（游苏杭）截至1月20日，武汉、北京、广东等地通报了新型冠状病毒感染的肺炎病例情况。国家卫生健康委员会日前回应说，当前疫情仍可防可控。为积极应对新型冠状病毒带来的影响，多家保险公司第一时间出台相关应急举措，在相关地区成立了应急处置工作组，主动排查出险客户，实时关注疫情变化，并积极为相关客户提供便捷理赔服务。平安人寿已开通7*24小时应急联络热线与值班响应机制及绿色理赔通道，启动特案预赔服务，为客户预付赔款，取消定点医院限制服务等。华夏保险启动10项应急举措，其中包括无保单理赔服务：因事故无法找到保险合同的，或保险合同丢失的不用补办保单；取消医保费用限制：事故伤病客户就诊中对症治疗的医保费用、非医保费用均可赔付；取消自费药限制：对症治疗的费用均可赔付；取消住院延期手续：因事故导致住院的客户，无需办理住院延期申请手续。此外，华夏保险还表示，客户如在港澳地区出险，华夏保险取消对医院限制。华夏保险已制作卫生安全防护指引，并向全体内外勤员工进行宣导，指导员工做好防护工作。泰康人寿成立应急领导小组，明确因感染新型冠状病毒引起的肺炎属于医疗险的赔付范围，开通24小时客户报案咨询热线，主动排查客户；泰康养老开通无保单理赔服务，简化理赔手续，取消理赔医院限制；泰康在线明确新型冠状病毒引起的肺炎属于泰康在线医疗险保险责任范围，开通绿色通道，为客户提供简单便捷的理赔服务。友邦保险表示，已采取24小时客户报案热线、简化理赔手续、无保单理赔服务、取消理赔医院限制、取消住院报案时效要求等措施。中国太保表示，凡购买其医疗类保险产品的客户，如在保险责任范围内出险，将获得全方位的便捷保险理赔服务。对于客户因该类疾病而支付的医疗费用，只要确定费用金额，中国太保将依据条款约定主动预付或及时支付理赔款，遇特殊紧急情况可以现金支付以满足客户需求。人保健康表示，人保健康主要医疗险产品均覆盖新型冠状病毒肺炎保险责任，为在第一时间向罹患新型冠状病毒肺炎的被保险人提供保险保障服务，人保健康制定应急预案，推出4项主要措施，如取消定点医院限制。
网站,钟南山：新型冠状病毒肺炎很可能来自野味,【如果您有新闻线索，欢迎向我们报料，一经采纳有费用酬谢。报料微信关注：ihxdsb，报料QQ：3386405712】
网站,武汉肺炎致死率低于SARS 美国CNN整理7大详细说明,湖北省武汉市的新型冠状病毒肺炎疫情扩大，中国全境累计确诊案例达218例，世界卫生组织预计在本周召开会议，商讨是否将此病列为国际公共卫生紧急事件。这类「新型冠状病毒」到底如何传递？是否有治疗方法？CNN也整理了关于冠状病毒你该知道的7件事。  什么是冠状病毒（Coronavirus）？   冠状病毒是一种常见的动物病毒，根据美国疾病管制与预防中心（US Centers for Disease Control and Prevention）说法，它在极少数的情况下，会出现人畜互相传染的状况。世界卫生组织（WHO）将「武汉肺炎」正式命名为「2019新型冠状病毒」（2019-nCoV），在此之前，这种病毒从未在人类身上出现过，目前已知有7种冠状病毒会传染给人类。  冠状病毒的症状为何？   感染冠状病毒类似普通感冒，通常是轻度到中度的呼吸道疾病，会出现流鼻涕、干咳、喉咙痛、头痛或发烧等症状，并持续多天。另外对于免疫系统较弱的人，如老年人或婴幼儿，这种病毒可能会导致更严重的呼吸道疾病，如肺炎或支气管炎。  冠状病毒会致命吗？   目前有其中几种会致命，如「中东呼吸综合症」（MERS）和「严重急性呼吸道症候群」（SARS）。MERS在2012年在中东首次被发现，严重程度高于武汉肺炎，美国疾病管制与预防中心的数据显示，每10名MERS患者中就有3至4人死亡；SARS的死亡率则根据病患年纪，在0％至50％之间，它会导致呼吸问题，但也会有腹泻、疲劳、呼吸短促、呼吸困难和肾功能衰竭等症状。  如何传播？   冠状病毒通常是由动物传染，如科学家推断，MERS可能起源于骆驼，SARS则为麝香猫。至于人传人的状况，通常是因为接触到病患的分泌物，咳嗽、打喷嚏或是握手都有可能造成感染，因此第一线医护人员是感染机率最高的群体。  世界卫生组织（WHO）表示，目前武汉肺炎已经从「没有明显人传人证据」到「可能有限度人传人」，后续要关注是否持续性人传人，但此病与SARS相比，个案致死率较轻微。  如何治疗？   目前针对冠状病毒没有特定的治疗方法，也没有疫苗，仅能以症状治疗、支持性疗法为主，医生会透过开立止痛药、退烧药来缓解症状。  如何预防？   现阶段还没有可以预防冠状病毒的疫苗，仅能减少与公众接触次数来降低感染风险，尽量避免揉眼睛、鼻子与嘴巴等动作，经常用肥皂洗手，每次至少20秒。若出现感冒症状，请尽可能不要出门，进行自我隔离，并将接触过的物品全数消毒。  对怀孕的妇女是否有致命风险？   MERS与SARS对孕妇的影响更严重，在过去的病例中，皆曾出现难产或流产的状况，但武汉肺炎的感染程度目前仍未知。
网站,@去武汉的旅客！多平台提供改签退票服务,武汉近日爆发新型冠状病毒感染的肺炎疫情。正值春运期间，北京日报客户端记者从多个在线旅游平台和航空公司了解到，各平台将根据旅客发热情况，进行免费改签或全额退票处理。在线旅游平台：武汉地区订单免费取消21日上午，携程针对此次疫情发布退改保障政策：1.被确诊为新型冠状病毒肺炎或因疑似新型冠状肺炎被机场（港口）隔离劝返的用户，以及作为密切接触者的同行人，可免费取消携程平台预订的全部产品，损失由携程承担。2.针对即日起至1月31日春节期间武汉地区酒店、门票、用车订单，携程提供免费取消保障。目前武汉地区多数酒店接受协调，可无损退订；对于无法协调的酒店订单损失，携程将为用户承担。3.针对公共交通（机票、铁路）的各类订单，目前民航及铁路部门暂未推出针对此次疫情的特殊退改政策，对于有退订需求的用户，携程将竭尽全力与航空公司等产品提供方沟通，为用户协调免费退订或减少损失。4.携程也将密切关注民航、铁路部门的退订政策变化，及时响应国家相关部门的要求，第一时间为用户提供保障服务。针对此次疫情，去哪儿网刚刚发布了退改保障政策，和携程平台政策一致，同样提出相关用户和同行人可免费取消去哪儿网平台预订的度假类产品，损失由去哪儿网承担。目前各航司陆续推出针对发热旅客的特殊退改政策，去哪儿网将全力按照航空公司政策为用户协调免费退订或减少损失。同程集团表示，凡此前预订了同程艺龙和同程旅游相关产品的用户，因被确诊或疑似新型冠状病毒肺炎被机场（港口）隔离劝返，以及与其有密切接触的同行用户，同程艺龙和同程旅游承诺将免费为其取消相关产品（范围覆盖机票、酒店、火车票、门票、度假等全平台产品），用户损失由平台承担。美团旅行和驴妈妈旅游网也刚刚发布了相关政策。航司：可免费改签或全额退票据去哪儿披露，截至1月21日中午，已出相关政策航空公司包括南方航空、海南航空、深圳航空、天津航空、昆明航空、贵州多彩航空、西部航空、乌鲁木齐航空、华夏航空、新加坡酷航。据天津航空微博消息，自2020年1月15日起，卫生部门已在武汉天河机场T3航站楼入口设立体温监测点，对进入航站楼的所有旅客进行体温检测，如发现旅客存在发烧、发热现象，有关部门将对旅客采取临时隔离措施。为方便发热旅客改期或退票，航班日期在2020年1月15日-2月29日，由天津航空实际承运的国内航班，旅客可持加盖武汉天河机场卫生所印章的误机证明文件，办理免费改期一次或全额退票。昆明航空表示，将对持有加盖武汉天河机场卫生所印章证明文件的旅客可免费办理退票及改期业务，如需退票可联系原出票地或致电昆明航空24小时客服热线0871-96598。针对各平台关于武汉旅客改签退票服务的最新政策，北京日报客户端记者将持续关注并发布。  原标题：@去武汉的旅客！多平台提供改签退票服务   责任编辑：陈玲玲
